Workbook
Name Prefix: [1]คำนำหน้าชื่อ!$A$2:$A$6

Sheet Sheet1 (2)
A1: วันและเวลาที่สร้างรายงาน 2021-06-24 02:09:22.531453
A2: รหัสโรงเรียน | B2: ชื่อโรงเรียน | C2: เลขประจำตัวนักเรียน | D2: ชั้น | E2: ห้อง | F2: เลขประจำตัวนักเรียน | G2: เพศ | H2: คำนำหน้าชื่อ | I2: ชื่อ | J2: นามสกุล | K2: วันเกิด | L2: อายุ(ปี) | M2: น้ำหนัก | N2: ส่วนสูง
A3: 13022005 | B3: เตรียมอุดมศึกษาพัฒนาการ ปทุมธานี | C3: 1100401470161 | D3: ม.1 | E3: 1 | F3: 20431 | G3: ช | H3: เด็กชาย | I3: คีตกร | J3: สอนวิชา | K3: 03/06/2552 | L3: 12 | M3: 39 | N3: 156
A4: 13022005 | B4: เตรียมอุดมศึกษาพัฒนาการ ปทุมธานี | C4: 1101000241952 | D4: ม.1 | E4: 1 | F4: 20432 | G4: ช | H4: เด็กชาย | I4: จักรี | J4: ช่วงคิด | K4: 06/04/2552 | L4: 12 | M4: 58.5 | N4: 152
A5: 13022005 | B5: เตรียมอุดมศึกษาพัฒนาการ ปทุมธานี | C5: 1104200668359 | D5: ม.1 | E5: 1 | F5: 20433 | G5: ช | H5: เด็กชาย | I5: ฉัตรชนินทร์ | J5: รักษาวงศ์ | K5: 05/12/2551 | L5: 13 | M5: 38 | N5: 155
A6: 13022005 | B6: เตรียมอุดมศึกษาพัฒนาการ ปทุมธานี | C6: 1103101023278 | D6: ม.1 | E6: 1 | F6: 20434 | G6: ช | H6: เด็กชาย | I6: ชนะภัทร | J6: หิงประโคน | K6: 17/08/2551 | L6: 13 | M6: 37 | N6: 142
A7: 13022005 | B7: เตรียมอุดมศึกษาพัฒนาการ ปทุมธานี | C7: 1102900176481 | D7: ม.1 | E7: 1 | F7: 20435 | G7: ช | H7: เด็กชาย | I7: ชาคริส | J7: สิงห์มา | K7: 25/12/2551 | L7: 13 | M7: 43 | N7: 145
A8: 13022005 | B8: เตรียมอุดมศึกษาพัฒนาการ ปทุมธานี | C8: 1104200666429 | D8: ม.1 | E8: 1 | F8: 20437 | G8: ช | H8: เด็กชาย | I8: ณัฐภัทร | J8: เมืองแก้ว | K8: 25/11/2551 | L8: 13 | M8: 44 | N8: 160
A9: 13022005 | B9: เตรียมอุดมศึกษาพัฒนาการ ปทุมธานี | C9: 1138900035743 | D9: ม.1 | E9: 1 | F9: 20438 | G9: ช | H9: เด็กชาย | I9: แทนพงศ์ | J9: เอมสมุท | K9: 03/04/2552 | L9: 12 | M9: 51 | N9: 155
A10: 13022005 | B10: เตรียมอุดมศึกษาพัฒนาการ ปทุมธานี | C10: 1104200688333 | D10: ม.1 | E10: 1 | F10: 20439 | G10: ช | H10: เด็กชาย | I10: ธนกฤต | J10: สขะเศวต | K10: 03/05/2552 | L10: 12 | M10: 60 | N10: 150
A11: 13022005 | B11: เตรียมอุดมศึกษาพัฒนาการ ปทุมธานี | C11: 1100501710920 | D11: ม.1 | E11: 1 | F11: 20440 | G11: ช | H11: เด็กชาย | I11: ธราเทพ | J11: อุทัยแจ่ม | K11: 20/01/2552 | L11: 12 | M11: 46 | N11: 148
A12: 13022005 | B12: เตรียมอุดมศึกษาพัฒนาการ ปทุมธานี | C12: 1260401198827 | D12: ม.1 | E12: 1 | F12: 20443 | G12: ช | H12: เด็กชาย | I12: แผ่นฟ้า | J12: เคลลี่ | K12: 31/03/2552 | L12: 12 | M12: 35 | N12: 150
A13: 13022005 | B13: เตรียมอุดมศึกษาพัฒนาการ ปทุมธานี | C13: 1139700078431 | D13: ม.1 | E13: 1 | F13: 20444 | G13: ช | H13: เด็กชาย | I13: พนธกร | J13: วงศ์สุวัชร | K13: 22/12/2551 | L13: 13 | M13: 64.5 | N13: 163
A14: 13022005 | B14: เตรียมอุดมศึกษาพัฒนาการ ปทุมธานี | C14: 1103704356465 | D14: ม.1 | E14: 1 | F14: 20445 | G14: ช | H14: เด็กชาย | I14: พลภัทร | J14: อินทุรัตน์ | K14: 12/09/2551 | L14: 13 | M14: 36 | N14: 151
... A2611: 13022005 | B2611: เตรียมอุดมศึกษาพัฒนาการ ปทุมธานี | C2611: 1749900922559 | D2611: ม.6 | E2611: 10 | F2611: 19747 | G2611: ญ | H2611: นางสาว | I2611: อังสนา | J2611: ศรีแดงเกตุ | K2611: 21/10/2546 | L2611: 18 | M2611: 59 | N2611: 176

Sheet Sheet9
A1: ตารางสรุปยอดนักเรียน ณ วันที่ 2 พ.ค. 2569 ปีการศึกษา 2569(จริง) | P1: =TODAY() -> 46189
A2: ชั้น | B2: ห้อง
B3: 1 | C3: 2 | D3: 3 | E3: 4 | F3: 5 | G3: 6 | H3: 7 | I3: 8 | J3: 9 | K3: 10 | L3: 11 | M3: 12 | N3: 13
A4: ม.1 | B4: =COUNTBLANK(ม.1!D6:D45) -> 40 | C4: =COUNTBLANK(ม.1!D52:D92) -> 41 | D4: =COUNTBLANK(ม.1!D99:D139) -> 41 | E4: =COUNTBLANK(ม.1!D146:D186) -> 41 | F4: =COUNTBLANK(ม.1!D193:D233) -> 41 | G4: =COUNTBLANK(ม.1!D240:D280) -> 41 | H4: =COUNTBLANK(ม.1!D287:D327) -> 41 | I4: =COUNTBLANK(ม.1!D334:D375) -> 42 | J4: =COUNTBLANK(ม.1!D382:D423) -> 42 | K4: =COUNTBLANK(ม.1!D430:D470) -> 41 | L4: =COUNTBLANK(ม.1!D477:D511) -> 35 | M4: =COUNTBLANK(ม.1!D518:D530) -> 13 | N4: =COUNTBLANK(ม.1!D537:D578) -> 42 | O4: =SUM(B4:N4) -> 501
A5: ม.2 | B5: =COUNTBLANK(ม.2!D6:D45) -> 40 | C5: =COUNTBLANK(ม.2!D52:D90) -> 39 | D5: =COUNTBLANK(ม.2!D97:D134) -> 38 | E5: =COUNTBLANK(ม.2!D141:D180) -> 40 | F5: =COUNTBLANK(ม.2!D187:D226) -> 40 | G5: =COUNTBLANK(ม.2!D233:D270) -> 38 | H5: =COUNTBLANK(ม.2!D277:D315) -> 39 | I5: =COUNTBLANK(ม.2!D322:D359) -> 38 | J5: =COUNTBLANK(ม.2!D366:D405) -> 40 | K5: =COUNTBLANK(ม.2!D412:D450) -> 39 | L5: =COUNTBLANK(ม.2!D457:D491) -> 35 | M5: =COUNTBLANK(ม.2!D499:D525) -> 27 | N5: =COUNTBLANK(ม.2!D532:D571) -> 40 | O5: =SUM(B5:N5) -> 493
A6: ม.3 | B6: =COUNTBLANK(ม.3!D6:D45) -> 40 | C6: =COUNTBLANK(ม.3!D51:D89) -> 39 | D6: =COUNTBLANK(ม.3!D95:D133) -> 39 | E6: =COUNTBLANK(ม.3!D139:D178) -> 40 | F6: =COUNTBLANK(ม.3!D184:D224) -> 41 | G6: =COUNTBLANK(ม.3!D230:D269) -> 40 | H6: =COUNTBLANK(ม.3!D275:D313) -> 39 | I6: =COUNTBLANK(ม.3!D319:D358) -> 40 | J6: =COUNTBLANK(ม.3!D364:D403) -> 40 | K6: =COUNTBLANK(ม.3!D409:D447) -> 39 | L6: =COUNTBLANK(ม.3!D453:D486) -> 34 | M6: =COUNTBLANK(ม.3!D492:D513) -> 22 | O6: =SUM(B6:M6) -> 453
A7: ม.4 | B7: =COUNTBLANK(ม.4!D7:D33) -> 27 | C7: =COUNTBLANK(ม.4!D40:D80) -> 41 | D7: =COUNTBLANK(ม.4!D87:D126) -> 40 | E7: =COUNTBLANK(ม.4!D133:D173) -> 41 | F7: =COUNTBLANK(ม.4!D180:D219) -> 40 | G7: =COUNTBLANK(ม.4!D226:D266) -> 41 | H7: =COUNTBLANK(ม.4!D273:D312) -> 40 | I7: =COUNTBLANK(ม.4!D319:D360) -> 42 | J7: =COUNTBLANK(ม.4!D367:D404) -> 38 | K7: =COUNTBLANK(ม.4!D411:D449) -> 39 | L7: =COUNTBLANK(ม.4!D456:D498) -> 43 | O7: =SUM(B7:N7) -> 432
A8: ม.5 | B8: =COUNTBLANK(ม.5!D7:D18) -> 12 | C8: =COUNTBLANK(ม.5!D26:D65) -> 40 | D8: =COUNTBLANK(ม.5!D72:D112) -> 41 | E8: =COUNTBLANK(ม.5!D119:D157) -> 39 | F8: =COUNTBLANK(ม.5!D165:D200) -> 36 | G8: =COUNTBLANK(ม.5!D208:D245) -> 38 | H8: =COUNTBLANK(ม.5!D253:D292) -> 40 | I8: =COUNTBLANK(ม.5!D300:D338) -> 39 | J8: =COUNTBLANK(ม.5!D346:D382) -> 37 | K8: =COUNTBLANK(ม.5!D390:D427) -> 38 | L8: =COUNTBLANK(ม.5!D435:D474) -> 40 | O8: =SUM(B8:N8) -> 400
A9: ม.6 | B9: =COUNTBLANK(ม.6!D7:D28) -> 22 | C9: =COUNTBLANK(ม.6!D35:D73) -> 39 | D9: =COUNTBLANK(ม.6!D80:D121) -> 42 | E9: =COUNTBLANK(ม.6!D128:D169) -> 42 | F9: =COUNTBLANK(ม.6!D176:D215) -> 40 | G9: =COUNTBLANK(ม.6!D222:D261) -> 40 | H9: =COUNTBLANK(ม.6!D268:D305) -> 38 | I9: =COUNTBLANK(ม.6!D312:D350) -> 39 | J9: =COUNTBLANK(ม.6!D357:D394) -> 38 | K9: =COUNTBLANK(ม.6!D402:D438) -> 37 | L9: =COUNTBLANK(ม.6!D445:D481) -> 37 | O9: =SUM(B9:N9) -> 414
O10: =SUM(O4:O9) -> 2693

Sheet นักเรียนเข้าใหม่
A1: 4/6
A2: 2/4 | B2: เลขประจำตัว | G2: ห้อง
A3: 1/1 | B3: 13468 | G3: 3/1
A4: 1/2 | B4: 15551 | G4: 2/2
A5: 1/3 | B5: 15552 | G5: 2/2
A6: 2/2 | B6: 15553 | G6: 2/3
A7: 1/6 | B7: 15554 | G7: 2/9
A8: 4/2 | B8: 15555 | G8: 2/10
A9: 1/5 | B9: 15556 | G9: 3/1
A10: 2/6 | B10: 15557 | G10: 3/6
A11: 1/12 | B11: 15558 | G11: 3/6
A12: 1/4 | B12: 15559 | G12: 3/10
A13: 1/1 | B13: 15560 | G13: 5/4
A14: 1/7 | B14: 15561 | G14: 5/5
A15: 13 | B15: 15562 | G15: 5/5
A18: รายชื่อนักเรียนเข้าใหม่ ภาคเรียนที่2 ปีการศึกษา 2555
A19: ลำดับที่ | B19: เลขประจำตัว | G19: ห้อง
A20: 1 | B20: 15563 | G20: 4/4
A21: 2 | B21: 15564 | G21: 5/3 | J21: 15566
A22: 3 | B22: 15565 | G22: 1/7
A24: รายชื่อนักเรียนเข้าใหม่ ภาคเรียนที่ 1 ปีการศึกษา 2556
A25: ที่ | G25: ห้อง
A26: 5 | B26: 15566 | G26: 1/1
A27: 6 | B27: 15567 | G27: 1/1
A28: 7 | B28: 15568 | G28: 1/1
A29: 8 | B29: 15569 | G29: 1/1
A30: 9 | B30: 15570 | G30: 1/1
A31: 10 | B31: 15571 | G31: 1/1
A32: 11 | B32: 15572 | G32: 1/1
A33: 12 | B33: 15573 | G33: 1/1
A34: 13 | B34: 15574 | G34: 1/1
A35: 14 | B35: 15575 | G35: 1/1
A36: 15 | B36: 15576 | G36: 1/1
A37: 16 | B37: 15577 | G37: 1/1
... A467: 43 | B467: 16007 | G467: 1/10
A468: 13 | B468: 16008 | G468: 1/11
A469: 1 | B469: 16009 | G469: 1/11
A470: 2 | B470: 16010 | G470: 1/11
A471: 3 | B471: 16011 | G471: 1/11
A472: 4 | B472: 16012 | G472: 1/11
A473: 5 | B473: 16013 | G473: 1/11
A474: 6 | B474: 16014 | G474: 1/11
A475: 7 | B475: 16015 | G475: 1/11
A476: 8 | B476: 16016 | G476: 1/11
A477: 9 | B477: 16017 | G477: 1/11
A478: 10 | B478: 16018 | G478: 1/11
A479: 11 | B479: 16019 | G479: 1/11
... A503: 36 | B503: 16043 | G503: 1/11
A504: 4 | B504: 16044 | G504: 4/3
A505: 5 | B505: 16045 | G505: 4/3
A506: 6 | B506: 16046 | G506: 4/3
A507: 7 | B507: 16047 | G507: 4/3
A508: 8 | B508: 16048 | G508: 4/3
A509: 9 | B509: 16049 | G509: 4/3
A510: 10 | B510: 16050 | G510: 4/3
A511: 11 | B511: 16051 | G511: 4/3
A512: 12 | B512: 16052 | G512: 4/3
A513: 15 | B513: 16053 | G513: 4/3
A514: 16 | B514: 16054 | G514: 4/3
A515: 17 | B515: 16055 | G515: 4/3
... A621: 47 | B621: 16161 | G621: 4/8
A625: เข้าใหม่
A626: 2 | B626: 16179
A627: 3 | B627: 14222
A628: 4 | B628: 1
A629: 5 | B629: 2
A630: ย้ายห้องเรียน
A631: 1 | B631: 14230
A647: รายชื่อนักเรียนเข้าใหม่ ภาคเรียนที่1 ปีการศึกษา 2556
A649: ลำดับที่ | B649: เลขประจำตัว | G649: ห้อง
A650: 1 | B650: 16162 | G650: 2/2
A651: 2 | B651: 16163 | G651: 2/2
A652: 3 | B652: 16164 | G652: 2/7
A653: 4 | B653: 16165 | G653: 2/8
A654: 5 | B654: 16166 | G654: 3/4
A655: 6 | B655: 16167 | G655: 3/8
A656: 7 | B656: 16168 | G656: 3/10
A657: 8 | B657: 16169 | G657: 3/10
A658: 9 | B658: 16170 | G658: 5/1
A659: 10 | B659: 16171 | G659: 5/3
A660: 11 | B660: 16172 | G660: 5/4
A661: 12 | B661: 16173 | G661: 5/6
... A668: 19 | B668: 14222 | G668: 4/8
A671: รายชื่อนักเรียนเข้าใหม่ ภาคเรียนที่2 ปีการศึกษา 2556
A673: ลำดับที่ | B673: เลขประจำตัว | G673: ห้อง
A674: 1 | B674: 16180 | G674: ม.5/5
A675: 2 | B675: 16181 | G675: ม.5/5
A676: 3 | B676: 16182 | G676: ม.5/3
A677: 4 | B677: 16183 | G677: ม.4/3
A678: 5 | B678: 16184 | G678: ม.2/3
A679: 6
A680: 7
A681: 8
A686: รายชื่อนักเรียนเข้าใหม่ ภาคเรียนที่1 ปีการศึกษา 2557
A688: ลำดับที่ | B688: เลขประจำตัว | G688: ห้อง
A689: 1 | B689: 16732 | G689: 2/3
A690: 2 | B690: 16733 | G690: 2/3
A691: 3 | B691: 16734 | G691: 2/3
A692: 4 | B692: 16735 | G692: 2/4
A693: 5 | B693: 16736 | G693: 2/6
...

Sheet ม.1
A1: โรงเรียนเตรียมอุดมศึกษาพัฒนาการ ปทุมธานี
B2: รายชื่อนักเรียน ปีการศึกษา 2569 ภาคเรียนที่ 1 ชั้น ม. 1 ห้องที่ 1 คณะรักชาติ (สีแดง)
A3: วิชา..............................................
A4: ครูที่ปรึกษา : 1.นางสาวอภิชญา ธนาวิวัฒน์ 2.สาวอรัญญา หวังมีอาจ
A5: ที่ | B5: เลขประจำตัว | C5: ชื่อ นามสกุล
A6: 1 | B6: 23576 | C6: ด.ช.คุณานนท์ นาโคกูล
A7: 2 | B7: 23577 | C7: ด.ช.จารุเดช จิระสุนันทชัย
A8: 3 | B8: 23578 | C8: ด.ช.ชนะกัณต์ อนุกูล | J8: ขอใบเปลี่ยนชื่อพ่อ
A9: 4 | B9: 23579 | C9: ด.ช.ชยกร เมฆศิลป์
A10: 5 | B10: 23580 | C10: ด.ช.ชยดล เมฆศิลป์
A11: 6 | B11: 23581 | C11: ด.ช.ณฐพล คำนา
A12: 7 | B12: 23582 | C12: ด.ช.ณัฐนนท์ ประดิษฐ์
A13: 8 | B13: 23583 | C13: ด.ช.ณัฐพล ชัยสิทธิ์
A14: 9 | B14: 23584 | C14: ด.ช.ธนศักดิ์ แจ่มประเสริฐ
A15: 10 | B15: 23585 | C15: ด.ช.ธาราเทพ มีสมบัติ
A16: 11 | B16: 23586 | C16: ด.ช.นพดล รักธรรม
A17: 12 | B17: 23587 | C17: ด.ช.นวพล กล่ำทรัพย์
A18: 13 | B18: 23588 | C18: ด.ช.ปัญญวัฒน์ ชูสิงแค
A19: 14 | B19: 23589 | C19: ด.ช.ภีรเดช มิ่งขวัญยืน
A20: 15 | B20: 23590 | C20: ด.ช.ภูมิกร ระงับภัย
... A35: 30 | B35: 23606 | C35: ด.ญ.ปภาวรินท์ โสดา
A36: 31 | B36: 23607 | C36: ด.ญ.เพชรไพลิน ทรัพย์วัฒน์ | J36: ขอทะเบียนบ้านนักเรียน
A37: 32 | B37: 23608 | C37: ด.ญ.แพรไหม สุขเจริญ
A38: 33 | B38: 23609 | C38: ด.ญ.ภัคควิภา คงประหัส
A39: 34 | B39: 23610 | C39: ด.ญ.วิภาวดี ใบกุหลาบ
A40: 35 | B40: 23611 | C40: ด.ญ.สรัณณัฏฐ์ บูชา
A41: 36 | B41: 23612 | C41: ด.ญ.สุพาวดี พิมพ์เสนา
A42: 37 | B42: 23613 | C42: ด.ญ.อชิรญา เจริญมาศ
A43: 38 | B43: 23614 | C43: ด.ญ.อภิญญา อามีน
A44: 39 | B44: 23615 | C44: ด.ญ.อริสา ชาวเดิร
A45: 40 | B45: 23616 | C45: ด.ญ.ไอลดา กงวงษ์
A47: โรงเรียนเตรียมอุดมศึกษาพัฒนาการ ปทุมธานี
B48: รายชื่อนักเรียน ปีการศึกษา 2569 ภาคเรียนที่ 1 ชั้น ม. 1 ห้องที่ 2 คณะผดุงศาสน์ (สีเหลือง)
A49: วิชา..............................................
A50: ครูที่ปรึกษา : 1.นางสาวอุมารินทร์ แสนเพ็งเคน 2.นางสาวฐาปนี ชื่นตา
A51: ที่ | B51: เลขประจำตัว | C51: ชื่อ นามสกุล
A52: 1 | B52: 23617 | C52: ด.ช.กันตพล สมเด็จ
A53: 2 | B53: 23618 | C53: ด.ช.ชัยชนะ วงษ์ราษฎร์
A54: 3 | B54: 23619 | C54: ด.ช.โชติพัฒน์ คำผลศิริ
A55: 4 | B55: 23620 | C55: ด.ช.ฐิติวัชร์ ครัวกลาง
A56: 5 | B56: 23621 | C56: ด.ช.ณัฐพงษ์ ชาญอุไร
A57: 6 | B57: 23622 | C57: ด.ช.ณัฐวัตร อุ่นดี
A58: 7 | B58: 23623 | C58: ด.ช.ธนากร จันมลตรี
A59: 8 | B59: 23624 | C59: ด.ช.ธีรภัทร หวังเดช
A60: 9 | B60: 23625 | C60: ด.ช.นนทวรรษ อรบุตร
A61: 10 | B61: 23626 | C61: ด.ช.ปกรณ์เกียรติ ดัชถุยาวัตร
A62: 11 | B62: 23627 | C62: ด.ช.ประอินทร์ อุ้ม
A63: 12 | B63: 23628 | C63: ด.ช.พงษ์พิพัฒน์ ถนอมเมือง
... A92: 41 | B92: 23657 | C92: ด.ญ.อารยา ก้อนแก้ว
A94: โรงเรียนเตรียมอุดมศึกษาพัฒนาการ ปทุมธานี
B95: รายชื่อนักเรียน ปีการศึกษา 2569 ภาคเรียนที่ 1 ชั้น ม. 1 ห้องที่ 3คณะเทิดกษัตริย์ (สีฟ้า)
A96: วิชา..............................................
A97: ครูที่ปรึกษา : 1.นางสาวมัลลิกา สิงห์แฮด 2.นายยุทธรงค์ น้ำจันทร์
A98: ที่ | B98: เลขประจำตัว | C98: ชื่อ นามสกุล
A99: 1 | B99: 23658 | C99: ด.ช.กันต์ณภัทร กลิ่นสาด
A100: 2 | B100: 23659 | C100: ด.ช.กันตพงศ์ หอมจันทร์
A101: 3 | B101: 23660 | C101: ด.ช.เขมจิรา อินสำราญ
A102: 4 | B102: 23661 | C102: ด.ช.จิรภัทร พันธ์เพ็ง
A103: 5 | B103: 23662 | C103: ด.ช.จิรายุ วันแรก
A104: 6 | B104: 23663 | C104: ด.ช.เจญสัก อาษาราช
A105: 7 | B105: 23664 | C105: ด.ช.เจตนิพัทธ์ แพรกปาน
A106: 8 | B106: 23665 | C106: ด.ช.ฉัตรดนัย บุญเรืองศรี
A107: 9 | B107: 23666 | C107: ด.ช.ฉันทพัฒน์ นนทศรี
A108: 10 | B108: 23667 | C108: ด.ช.ชญานนท์ วิรัชมาศโกมล
A109: 11 | B109: 23668 | C109: ด.ช.ธนภัทร จิรวัฒน์พลชัย
A110: 12 | B110: 23669 | C110: ด.ช.ธภัทร จั่นเพ็ชร์
... A139: 41 | B139: 23698 | C139: ด.ญ.อธิชา หมึกสี
A141: โรงเรียนเตรียมอุดมศึกษาพัฒนาการ ปทุมธานี
B142: รายชื่อนักเรียน ปีการศึกษา 2569 ภาคเรียนที่ 1 ชั้น ม. 1 ห้องที่ 4 คณะใฝ่คุณธรรม (สีม่วง)
A143: วิชา..............................................
A144: ครูที่ปรึกษา : 1.นางสาวอาทิตยา วังคะออม 2.นายจิระศักดิ์ พันธุ์งาม
A145: ที่ | B145: เลขประจำตัว | C145: ชื่อ นามสกุล
A146: 1 | B146: 23699 | C146: ด.ช.กรวิชญ์ สาเกตุ
A147: 2 | B147: 23700 | C147: ด.ช.จิราพัชร ผุยหนองโพธิ์
A148: 3 | B148: 23701 | C148: ด.ช.ชิษณุพงศ์ บัวศิริ
A149: 4 | B149: 23702 | C149: ด.ช.ณัฐนันท์ จันลุทิน
A150: 5 | B150: 23703 | C150: ด.ช.ณัฐพนธ์ บรรจงใจรัก
A151: 6 | B151: 23704 | C151: ด.ช.ณัฐรัตน์ ศุภภัทรานาม | J151: ขอเอกสารแม่ หรือใบเกิด
A152: 7 | B152: 23705 | C152: ด.ช.นนทพัทธ์ บรรจงใจรัก
A153: 8 | B153: 23706 | C153: ด.ช.นาวา สิงหชาติ
A154: 9 | B154: 23707 | C154: ด.ช.ปกรณ์ โตฟาเละ
A155: 10 | B155: 23708 | C155: ด.ช.ปฏิภัทร ภูพันนา
A156: 11 | B156: 23709 | C156: ด.ช.ปัญญา ลอดสูงเนิน
A157: 12 | B157: 23710 | C157: ด.ช.ปัณณทัต ชื่นทรัพย์
A158: 13 | B158: 23711 | C158: ด.ช.ปัณณธร ยืนยง
A159: 14 | B159: 23712 | C159: ด.ช.ปุณยวีร์ นนทะเสน
A160: 15 | B160: 23713 | C160: ด.ช.พิสุทธิ์ เล็กน้อยวงศ์
A161: 16 | B161: 23714 | C161: ด.ช.ภาคิณ สุวิมล
A162: 17 | B162: 23715 | C162: ด.ช.วรภาส ตุ้มมล | J162: ใบเปลี่ยนชื่อแม่
A163: 18 | B163: 23716 | C163: ด.ช.อนุรักษ์ เสาคลัง
A164: 19 | B164: 23717 | C164: ด.ช.อัครวินท์ โพธิ์อ่อง
A165: 20 | B165: 23718 | C165: ด.ช.อัครา มีโค่ม
A166: 21 | B166: 23719 | C166: ด.ช.อิทธิมนต์ ชูทับทิม
A167: 22 | B167: 23720 | C167: ด.ญ.กวินธิดา กระจ่างจิต
A168: 23 | B168: 23721 | C168: ด.ญ.กิตติมา คลองนอก
A169: 24 | B169: 23722 | C169: ด.ญ.ขวัญจิรา แผนเบื้อง
A170: 25 | B170: 23723 | C170: ด.ญ.จิรัญญา เกณฑ์สาคู
A171: 26 | B171: 23724 | C171: ด.ญ.จิราวรรณ ราชวันดี
A172: 27 | B172: 23725 | C172: ด.ญ.จุฑามาศ ภูมิโสม
A173: 28 | B173: 23726 | C173: ด.ญ.ชุติมา พงษ์สวัสดิ์
...

Sheet Sheet10
A1: ชั้นเคลื่อน ภาคเรียนที่ 2 ปีการศึกษา 2565
A2: 1 | B2: 21621 | C2: ด.ญ.น้ำเพชร สารัชชู | D2: ม.1/3
A3: 2 | B3: 21622 | C3: ด.ญ.อมรสิริ นาสิลพร้อม | D3: ม.1/11
A4: ชั้นเคลื่อน ภาคเรียนที่ 1 ปีการศึกษา 2566
A5: 1 | B5: 22210 | C5: ด.ญ.รภัสรดา จรัสเรือง | D5: ม.2/1
A6: 2 | B6: 22211 | C6: ด.ญ.จินจุฑา บุญพึ่ง | D6: ม.2/2
A7: 3 | B7: 22212 | C7: ด.ช.พนากรณ์ กิจจานุลักษณ์ | D7: ม.2/3
A8: 4 | B8: 22213 | C8: ด.ญ.กนกอร จันสา | D8: ม.2/3
A9: 5 | B9: 22214 | C9: ด.ญ.ลลิตวดี ก่อกิจฤทธิชัย | D9: ม.2/3
A10: 6 | B10: 21231 | C10: ด.ช.ชินปกรณ์ พรหมบังเกิด | D10: ม.2/5
A11: 7 | B11: 22215 | C11: ด.ช.พีรธัช จันตา | D11: ม.2/5
A12: 8 | B12: 22216 | C12: ด.ญ.ปิยะฉัตร ทองสุทธ์ | D12: ม.2/6
A13: 9 | B13: 22217 | C13: ด.ญ.ปุญญิศา สุบงกฏ | D13: ม.2/7
A14: 10 | B14: 22218 | C14: ด.ญ.สุชาดา นพดล | D14: ม.2/7
A15: 11 | B15: 22219 | C15: ด.ญ.ศุภิสรา นรสาร | D15: ม.2/8
A16: 30 | B16: 22238 | C16: ด.ช.พีรพัฒน์ สุขผล | D16: ม.2/1
... A18: 36 | B18: 22243 | C18: ด.ช.หัสดินทร์ อุ่นสอาด | D18: ม.2/4
A19: ชั้นเคลื่อน ภาคเรียนที่2 ปีการศึกษา 2566
A20: 10 | B20: 22253 | C20: เด็กชายกฤตมงคล มงคุณ | D20: 2/2
A21: 11 | B21: 22254 | C21: เด็กชายกฤตเมธ โคตรจันทึก | D21: 2/4
A22: 12 | B22: 22255 | C22: เด็กชายอาชวิน ประดิษฐศิลป์ | D22: 2/6
A23: ชั้นเคลื่อน ภาคเรียนที่1 ปีการศึกษา 2567

Sheet ม.2
A1: โรงเรียนเตรียมอุดมศึกษาพัฒนาการ ปทุมธานี
B2: รายชื่อนักเรียน ปีการศึกษา 2569 ภาคเรียนที่ 1 ชั้น ม. 2 ห้องที่ 1 คณะรักชาติ (สีแดง)
A3: วิชา..............................................
A4: ครูที่ปรึกษา : 1.นางสาวนฤมล วาชัยยุง
A5: ที่ | B5: เลขประจำตัว | C5: ชื่อ นามสกุล
A6: 1 | B6: 22871 | C6: ด.ช.กวี บุญทับ
A7: 2 | B7: 22872 | C7: ด.ช.จิรภัทร อารมย์สุข
A8: 3 | B8: 22873 | C8: ด.ช.ณัฐภูมิ ไกรเสือ
A9: 4 | B9: 22874 | C9: ด.ช.ตฤณจร กางร่มกลาง
A10: 5 | B10: 22875 | C10: ด.ช.เตชพัฒน์ วงศ์รอด
A11: 6 | B11: 22876 | C11: ด.ช.ธนชัย หมายศรี
A12: 7 | B12: 22877 | C12: ด.ช.ปัณณวิชญ์ อินทโลหิต
A13: 8 | B13: 22878 | C13: ด.ช.พัชรพล ทองเสือ
A14: 9 | B14: 22879 | C14: ด.ช.ภูชนะ เกิดเมือง
A15: 10 | B15: 22880 | C15: ด.ช.มณัฐภูมิ ทับเหมือน
A16: 11 | B16: 22881 | C16: ด.ช.เมฆา เพ็ชรทิพย์
A17: 12 | B17: 22882 | C17: ด.ช.วทัญญู ทัดภูธร
... A45: 40 | B45: 24174 | C45: ด.ญ.พาขวัญ นักเป่า
A47: โรงเรียนเตรียมอุดมศึกษาพัฒนาการ ปทุมธานี
B48: รายชื่อนักเรียน ปีการศึกษา 2569 ภาคเรียนที่ 1 ชั้น ม. 2 ห้องที่ 2 คณะเทิดกษัตริย์ (สีฟ้า)
A49: วิชา..............................................
A50: ครูที่ปรึกษา : 1.นางสาวธัญญารัตน์ ไหวพรม 2.นายธนรัตน์ ทองวิชิต
A51: ที่ | B51: เลขประจำตัว | C51: ชื่อ นามสกุล
A52: 1 | B52: 22912 | C52: ด.ช.กันต์รพี สิงห์โตทอง
A53: 2 | B53: 22914 | C53: ด.ช.จักริน อินทร์เพชร
A54: 3 | B54: 22915 | C54: ด.ช.ณจฐพงษ อยู่ลอง
A55: 4 | B55: 22916 | C55: ด.ช.ต้นกล้า หว่าลิ่งต๊ะ
A56: 5 | B56: 22917 | C56: ด.ช.ทินวุฒิ แซ่เซี๊ยะ
A57: 6 | B57: 22918 | C57: ด.ช.ธนวินท์ ขุนทอง
A58: 7 | B58: 22919 | C58: ด.ช.นภัทร หมอกผัน
A59: 8 | B59: 22920 | C59: ด.ช.ปธิภัทร พลเยี่ยม
A60: 9 | B60: 22921 | C60: ด.ช.พชร อังคะหิรัญ
A61: 10 | B61: 22922 | C61: ด.ช.พัชรพล หรั่งฤทธิ์
A62: 11 | B62: 22923 | C62: ด.ช.ภัทรดนัย ขุนทอง
A63: 12 | B63: 22924 | C63: ด.ช.ภาสิทธิ์ ดวงสิมา
... A90: 39 | B90: 24181 | C90: ด.ญ.ณัฏฐณิชา พูลลาภ
A92: โรงเรียนเตรียมอุดมศึกษาพัฒนาการ ปทุมธานี
B93: รายชื่อนักเรียน ปีการศึกษา 2569 ภาคเรียนที่ 1 ชั้น ม. 2 ห้องที่ 3 คณะรักชาติ (สีแดง)
A94: วิชา..............................................
A95: ครูที่ปรึกษา : 1.นายกิตติพงษ์ วรประทีป
A96: ที่ | B96: เลขประจำตัว | C96: ชื่อ นามสกุล
A97: 1 | B97: 22951 | C97: ด.ช.จุฑาเทพ บุญมาไสว
A98: 2 | B98: 22952 | C98: ด.ช.เจษฎา จันทร์หอม
A99: 3 | B99: 22953 | C99: ด.ช.ชัยมงคล กลับพิษ
A100: 4 | B100: 22954 | C100: ด.ช.ณัฏฐ์ศักย์ อินทรเดช
A101: 5 | B101: 22955 | C101: ด.ช.เตชิน นพคุณ
A102: 6 | B102: 22956 | C102: ด.ช.ทินภัทร บุตรดีคำ
A103: 7 | B103: 22957 | C103: ด.ช.ธนภัทร ปุ๋ยหิรัญ
A104: 8 | B104: 22958 | C104: ด.ช.ธีรเมธ สีหาราช
A105: 9 | B105: 22959 | C105: ด.ช.บุญญพัฒน์ สินเจริญ
A106: 10 | B106: 22960 | C106: ด.ช.ปัณณวัตร จันทร์จับ
A107: 11 | B107: 22961 | C107: ด.ช.พชร ยุบลวัฒน์
A108: 12 | B108: 22962 | C108: ด.ช.พุฒิพงศ์ แก้วสุวรรณ์
... A134: 38 | B134: 24182 | C134: ด.ญ.เจนจิรา ศรีมงคล
A136: โรงเรียนเตรียมอุดมศึกษาพัฒนาการ ปทุมธานี
B137: รายชื่อนักเรียน ปีการศึกษา 2569 ภาคเรียนที่ 1 ชั้น ม. 2 ห้องที่ 4 คณะเทิดกษัตริย์ (สีฟ้า)
A138: วิชา..............................................
A139: ครูที่ปรึกษา : 1.นางสาวสุพัตรา ทองดี 2.นายศุภวิชญ์ ทองน้อย
A140: ที่ | B140: เลขประจำตัว | C140: ชื่อ นามสกุล
A141: 1 | B141: 22991 | C141: ด.ช.กรรณภัทร จตุรงค์
A142: 2 | B142: 22992 | C142: ด.ช.คุณากร สุวรรณเล็ก
A143: 3 | B143: 22993 | C143: ด.ช.ชลรกร เอกนัย
A144: 4 | B144: 22994 | C144: ด.ช.ชินพงษ์ สุจริต
A145: 5 | B145: 22995 | C145: ด.ช.ณัฏฐกิตติ์ เย็นเหลือ
A146: 6 | B146: 22996 | C146: ด.ช.ณัฐดนัย สมบูรณ์
A147: 7 | B147: 22997 | C147: ด.ช.ธณกร วรรณแก้ว
A148: 8 | B148: 22998 | C148: ด.ช.ธนาคาร แก้วนุช
A149: 9 | B149: 22999 | C149: ด.ช.ธนิก นิลกำแหง
A150: 10 | B150: 23000 | C150: ด.ช.ธีรเมธ สร้อยศรี
A151: 11 | B151: 23001 | C151: ด.ช.นฤปนาถ หลังสันเทียะ
A152: 12 | B152: 23002 | C152: ด.ช.พรกวี อิศรศักดิ์ ณ อยุธยา
... A180: 40 | B180: 23030 | C180: ด.ญ.อรปรียา ปวงสุข
A182: โรงเรียนเตรียมอุดมศึกษาพัฒนาการ ปทุมธานี
B183: รายชื่อนักเรียน ปีการศึกษา 2569 ภาคเรียนที่ 1 ชั้น ม. 2 ห้องที่ 5 คณะพัฒนาไทย (สีเขียว)
A184: วิชา..............................................
A185: ครูที่ปรึกษา : 1.นางสาวดวงกมล สุภาษร 2.นางสาวณัฐณิชา โคตรแสนเมือง
A186: ที่ | B186: เลขประจำตัว | C186: ชื่อ นามสกุล
A187: 1 | B187: 23032 | C187: ด.ช.กิตติพัศ คุ้มบาง
A188: 2 | B188: 23033 | C188: ด.ช.ขัตติยะ อาชานกุล
A189: 3 | B189: 23034 | C189: ด.ช.จิตติพัฒน์ มะลิซ้อน
A190: 4 | B190: 23035 | C190: ด.ช.ฐิติกิตดิ์ หอมคัก
A191: 5 | B191: 23036 | C191: ด.ช.ณฐกร ด้วงคำจันทร์
A192: 6 | B192: 23037 | C192: ด.ช.แทนคุณ สำเภา
A193: 7 | B193: 23038 | C193: ด.ช.ธนกฤต มะโนมัย
A194: 8 | B194: 23039 | C194: ด.ช.นนทพัทธ์ ขุนทอง
A195: 9 | B195: 23040 | C195: ด.ช.น้ำ -
A196: 10 | B196: 23041 | C196: ด.ช.ปณิธาน ศรีสุพรรณ
A197: 11 | B197: 23042 | C197: ด.ช.ปัญญวิชญ์ เทพแก้ว
A198: 12 | B198: 23043 | C198: ด.ช.ภาคิน มิ่งมาวงษ์
... A226: 40 | B226: 24184 | C226: ด.ญ.อนัญญา แช่หลี
A228: โรงเรียนเตรียมอุดมศึกษาพัฒนาการ ปทุมธานี
B229: รายชื่อนักเรียน ปีการศึกษา 2569 ภาคเรียนที่ 1 ชั้น ม. 2 ห้องที่ 6 คณะรักชาติ (สีแดง)
A230: วิชา..............................................
A231: ครูที่ปรึกษา : 1.นางสาวทิพย์นารี สมศรี 2.นางสาวเมษญาณ์ พงษ์ศิลา
A232: ที่ | B232: เลขประจำตัว | C232: ชื่อ นามสกุล
A233: 1 | B233: 23071 | C233: ด.ช.กวีวัธน์ ทองออน
A234: 2 | B234: 23072 | C234: ด.ช.คุณานนท์ สุขคง
A235: 3 | B235: 23073 | C235: ด.ช.จักรภัทร ตู้พิมาย
A236: 4 | B236: 23074 | C236: ด.ช.ชินภัค เวชกามา
A237: 5 | B237: 23075 | C237: ด.ช.ณธัชพงศ์ ศรีโคตร
...

Sheet ม.3
A1: โรงเรียนเตรียมอุดมศึกษาพัฒนาการ ปทุมธานี
B2: รายชื่อนักเรียน ปีการศึกษา 2569 ภาคเรียนที่ 1 ชั้น ม. 3 ห้องที่ 1 คณะใฝ่คุณธรรม (สีม่วง)
A3: วิชา..............................................
A4: ครูที่ปรึกษา : 1.นางสาวกรรณิการ์ นันบุญมา 2.นางสาวนิรามัย เอกนัย
A5: ที่ | B5: เลขประจำตัว | C5: ชื่อ นามสกุล
A6: 1 | B6: 22257 | C6: ด.ช.จุลพัฒน์ โสภณ
A7: 2 | B7: 22258 | C7: ด.ช.ณัฐพล เกตุทัต
A8: 3 | B8: 22259 | C8: ด.ช.ณัฐภัทร สุดทอง
A9: 4 | B9: 22260 | C9: ด.ช.เตชิต มีใหม่
A10: 5 | B10: 22261 | C10: ด.ช.เตชิต เหลืองอ่อน
A11: 6 | B11: 22262 | C11: ด.ช.ทิวา เทพทองอินทร์
A12: 7 | B12: 22263 | C12: ด.ช.ธิติภัทร จรรยา
A13: 8 | B13: 22264 | C13: ด.ช.ธีรภัทร พวงมาลัย
A14: 9 | B14: 22265 | C14: ด.ช.ปิยะ ศรีสวัสดิ์
A15: 10 | B15: 22266 | C15: ด.ช.พสิษฐ์ ปาริชาติอินทราณี
A16: 11 | B16: 22267 | C16: ด.ช.ภาราดิน ไชยานนท์
A17: 12 | B17: 22268 | C17: ด.ช.เมธาสิทธิ์ เล็กน้อยวงค์
... A45: 40 | B45: 23526 | C45: ด.ญ.ณัชชา ราชวัฒน์
A46: โรงเรียนเตรียมอุดมศึกษาพัฒนาการ ปทุมธานี
B47: รายชื่อนักเรียน ปีการศึกษา 2569 ภาคเรียนที่ 1 ชั้น ม. 3 ห้องที่ 2 คณะรักชาติ (สีแดง)
A48: วิชา..............................................
A49: ครูที่ปรึกษา : 1.นายมานัส เดชไชย
A50: ที่ | B50: เลขประจำตัว | C50: ชื่อ นามสกุล
A51: 1 | B51: 22297 | C51: ด.ช.กรภัค พลอยเงิน
A52: 2 | B52: 22298 | C52: ด.ช.จักรกฤษณ์ กลั้วพิมาย
A53: 3 | B53: 22299 | C53: ด.ช.จิรกิตติพัฒน์ อ่อนเหล่
A54: 4 | B54: 22300 | C54: ด.ช.โชติกุลชัย ไผ่สีสุก
A55: 5 | B55: 22301 | C55: ด.ช.ณฐกร บาลี
A56: 6 | B56: 22302 | C56: ด.ช.ณัฐพงษ์ รักธรรม
A57: 7 | B57: 22303 | C57: ด.ช.เดชาวัตร จงดี
A58: 8 | B58: 22304 | C58: ด.ช.นภัทร สุขแสงดาว
A59: 9 | B59: 22305 | C59: ด.ช.ปัญธวัฒน์ ศิรรมย์ธนาพร
A60: 10 | B60: 22306 | C60: ด.ช.พชร ยอมิน
A61: 11 | B61: 22307 | C61: ด.ช.พัชรพล รัตนสุวรรณ
A62: 12 | B62: 22308 | C62: ด.ช.พัสกร วอนวัน
... A89: 39 | B89: 23528 | C89: ด.ญ.ชญาภา ดาวเรือง
A90: โรงเรียนเตรียมอุดมศึกษาพัฒนาการ ปทุมธานี
B91: รายชื่อนักเรียน ปีการศึกษา 2569 ภาคเรียนที่ 1 ชั้น ม. 3 ห้องที่ 3 คณะเทิดกษัตริย์ (สีฟ้า)
A92: วิชา..............................................
A93: ครูที่ปรึกษา : 1.นางสาวช่อทิพย์ พิมพ์สอน 2.นางสาวชลธิชา จันสา
A94: ที่ | B94: เลขประจำตัว | C94: ชื่อ นามสกุล
A95: 1 | B95: 22337 | C95: ด.ช.กฤตตินันท์ ทะหมุน
A96: 2 | B96: 22338 | C96: ด.ช.ชัชวาลย์ อรศรี
A97: 3 | B97: 22339 | C97: ด.ช.ณัฐธชนพงศ์ พิจารณ์
A98: 4 | B98: 22340 | C98: ด.ช.ณัฐวุฒิ มณีโชติ
A99: 5 | B99: 22341 | C99: ด.ช.ทัตเทพ เซี่ยงจง
A100: 6 | B100: 22343 | C100: ด.ช.ธะนะเดช แพงศรี
A101: 7 | B101: 22344 | C101: ด.ช.ธีรภัทร อ่อนวิมล
A102: 8 | B102: 22345 | C102: ด.ช.ธีรโรจน์ รักการษ์
A103: 9 | B103: 22346 | C103: ด.ช.นนทศักดิ์ รักธรรม
A104: 10 | B104: 22348 | C104: ด.ช.ภีมพัฒน์ แก้วแท้
A105: 11 | B105: 22349 | C105: ด.ช.วรรณนที สัจจะธรรม
A106: 12 | B106: 22350 | C106: ด.ช.วุฒินันท์ เขียนคำศรี
... A133: 39 | B133: 23570 | C133: ด.ญ.รัตนกาญจน์ ศรีละออง
A134: โรงเรียนเตรียมอุดมศึกษาพัฒนาการ ปทุมธานี
B135: รายชื่อนักเรียน ปีการศึกษา 2569 ภาคเรียนที่ 1 ชั้น ม. 3 ห้องที่ 4 คณะพัฒนาไทย(สีเขียว)
A136: วิชา..............................................
A137: ครูที่ปรึกษา : 1.นางสาวจันท์ศจี หงส์สุนันท์ 2. นายพัชรินทร์ อยู่สิงห์โต
A138: ที่ | B138: เลขประจำตัว | C138: ชื่อ นามสกุล | D138: ลงชื่อรับเอกสาร
A139: 1 | B139: 22377 | C139: ด.ช.กรวิชญ์ เหลี่ยมสุวรรณ
A140: 2 | B140: 22378 | C140: ด.ช.กิตตินันท์ ฉัยยา
A141: 3 | B141: 22379 | C141: ด.ช.จักรพงษ์ ละกังถา
A142: 4 | B142: 22380 | C142: ด.ช.ชัยทัช ไตรทิพย์พานิชย์
A143: 5 | B143: 22381 | C143: ด.ช.ณัฐพงษ์ วงษ์ขันธ์
A144: 6 | B144: 22382 | C144: ด.ช.ณัฐวุฒิ ศรีทอง
A145: 7 | B145: 22383 | C145: ด.ช.เติมเต็ม แสนจันทร์
A146: 8 | B146: 22384 | C146: ด.ช.โตโน่ นามแสง
A147: 9 | B147: 22385 | C147: ด.ช.ธนาพิพัฒน์ เอกวิลัย
A148: 10 | B148: 22386 | C148: ด.ช.ธีรโชติ เหรา
A149: 11 | B149: 22387 | C149: ด.ช.บดินทร์ เบ๊ะกี
A150: 12 | B150: 22388 | C150: ด.ช.บวรนันท์ เรืองวรุณวัฒนา
... A168: 30 | B168: 22407 | C168: ด.ญ.ปาลิตา ศรีวิเชียร
A169: 31 | B169: 22408 | C169: ด.ญ.พัชรพรรณ ภู่หลง | M169: 0
A170: 32 | B170: 22409 | C170: ด.ญ.ภัทราภา วรรณานิภายน
A171: 33 | B171: 22410 | C171: ด.ญ.เยาวภา น้ำนวล
A172: 34 | B172: 22411 | C172: ด.ญ.รัตนาพร อุทะปา
A173: 35 | B173: 22412 | C173: ด.ญ.ลภัสกร ไทยลา
A174: 36 | B174: 22413 | C174: ด.ญ.วิชญาพร สายบุตร
A175: 37 | B175: 22414 | C175: ด.ญ.วิเวียร์ ไชยสัจ
A176: 38 | B176: 22415 | C176: ด.ญ.สุนิศา เจริญผล
A177: 39 | B177: 22416 | C177: ด.ญ.อารยา โต๊ะลาใบสลาม
A178: 40 | B178: 24192 | C178: ด.ญ. ธิดา ชารีอัน
A179: โรงเรียนเตรียมอุดมศึกษาพัฒนาการ ปทุมธานี
A180: รายชื่อนักเรียน ปีการศึกษา 2569 ภาคเรียนที่ 1 ชั้น ม. 3 ห้องที่ 5 คณะผดุงศาสน์(สีเหลือง)
A181: วิชาคณิตศาสตร์ 5
A182: ครูที่ปรึกษา : 1.นางสาวกมลทิพย์ เอี่ยมสอาด 2. นายธัชกร ดิษธรรม
A183: ที่ | B183: เลขประจำตัว | C183: ชื่อ นามสกุล
A184: 1 | B184: 22417 | C184: ด.ช.กู๊ดลัค อิเฮจีริกา
A185: 2 | B185: 22418 | C185: ด.ช.ไกรวิชญ์ เหง่าลา
A186: 3 | B186: 22419 | C186: ด.ช.จีเนียล ชิเนดู อเมชิ
A187: 4 | B187: 22420 | C187: ด.ช.เจษฎากร เดชจำรัส
A188: 5 | B188: 22421 | C188: ด.ช.ชนัดพล รูปสว่าง
A189: 6 | B189: 22422 | C189: ด.ช.ชนาธิป สายรัตน์
A190: 7 | B190: 22423 | C190: ด.ช.ญาณพัฒน์ เผือกสมจิตร์
A191: 8 | B191: 22424 | C191: ด.ช.ณัฐวุฒิ เกศทิพย์สุคนธ์
A192: 9 | B192: 22425 | C192: ด.ช.ณัฐวุฒิ สุดเฉลียว
A193: 10 | B193: 22426 | C193: ด.ช.ณัฐเศรษฐ สุดดี
A194: 11 | B194: 22427 | C194: ด.ช.ทักษ์ดนัย กัณฑา
A195: 12 | B195: 22428 | C195: ด.ช.ธัญเทพ สะอาดใจ
... A224: 41 | B224: 22456 | C224: ด.ญ.อารยา จั่นเพ็ชร์
...

Sheet ม.368
A1: โรงเรียนเตรียมอุดมศึกษาพัฒนาการ ปทุมธานี
B2: รายชื่อนักเรียน ปีการศึกษา 2568 ภาคเรียนที่ 2 ชั้น ม. 3 ห้องที่ 1 คณะรักชาติ (สีแดง) | D2: รายชื่อนักเรียน ปีการศึกษา 2568 ภาคเรียนที่ 2 ชั้น ม. 3 ห้องที่ 1 คณะรักชาติ (สีแดง)
A3: วิชา..............................................
A4: ครูที่ปรึกษา : 1.นายมานัส เดชไชย 2.นางสาวปนิตา บังทอง
A5: ที่ | B5: เลขประจำตัว | C5: ชื่อ นามสกุล | D5: เลขประจำตัว
A6: 1 | B6: 21629 | C6: ด.ช.กวี โต๊ะแอ | D6: 21629
A7: 2 | B7: 21630 | C7: ด.ช.กิตติกรณ์ แสงรส | D7: 21630
A8: 3 | B8: 21631 | C8: ด.ช.ไกรวิชญ์ ชารี | D8: 21631
A9: 4 | B9: 21632 | C9: ด.ช.ชิษณุพงศ์ รักใคร่ | D9: 21632
A10: 5 | B10: 21633 | C10: ด.ช.ถิรวัฒน์ สมชื่อ | D10: 21633
A11: 6 | B11: 21634 | C11: ด.ช.ธนกร สืบสิงห์ | D11: 21634
A12: 7 | B12: 21635 | C12: ด.ช.นัฐพร ชมมณฑา | D12: 21635
A13: 8 | B13: 21636 | C13: ด.ช.พีรพล มีเเสง | D13: 21636
A14: 9 | B14: 21637 | C14: ด.ช.พีรพัฒน์ เเก่นกลาง | D14: 21637
A15: 10 | B15: 21639 | C15: ด.ช.ภานุวัฒน์ แย้มกลิ่น | D15: 21639
A16: 11 | B16: 21640 | C16: ด.ช.ภูรินทร์ เลื่องลือ | D16: 21640
A17: 12 | B17: 21641 | C17: ด.ช.ภูวดล คำสุขุม | D17: 21641
... A44: 39 | B44: 21668 | C44: ด.ญ.อภิญญา ทัศนเวช | D44: 21668
A45: โรงเรียนเตรียมอุดมศึกษาพัฒนาการ ปทุมธานี
B46: รายชื่อนักเรียน ปีการศึกษา 2568 ภาคเรียนที่ 2 ชั้น ม. 3 ห้องที่ 2 คณะพัฒนาไทย (สีเขียว) | D46: รายชื่อนักเรียน ปีการศึกษา 2568 ภาคเรียนที่ 2 ชั้น ม. 3 ห้องที่ 2 คณะพัฒนาไทย (สีเขียว)
A47: วิชา..............................................
A48: ครูที่ปรึกษา : 1.นางสาววนิดา ใจสา 2.นายศุภชัย แสงเพชร
A49: ที่ | B49: เลขประจำตัว | C49: ชื่อ นามสกุล | D49: เลขประจำตัว
A50: 1 | B50: 21669 | C50: ด.ช.จิรพัฒน์ วัฒนวงษ์ | D50: 21669
A51: 2 | B51: 21670 | C51: ด.ช.เจริญเทพ มหารัตน์ไพบูลย์ | D51: 21670
A52: 3 | B52: 21671 | C52: ด.ช.ชัยรัตน์ เติมประเสริฐสกุล | D52: 21671
A53: 4 | B53: 21672 | C53: ด.ช.ณฐพล ทองพานิชย์ | D53: 21672
A54: 5 | B54: 21673 | C54: ด.ช.ณัฐนันท์ เเทนรินทร์ | D54: 21673
A55: 6 | B55: 21674 | C55: ด.ช.ณัฐพัฒน์ คาถา | D55: 21674
A56: 7 | B56: 21675 | C56: ด.ช.ธนกฤต เจริญใจ | D56: 21675
A57: 8 | B57: 21676 | C57: ด.ช.ธนวัฒน์ สาเเหรกทอง | D57: 21676
A58: 9 | B58: 21677 | C58: ด.ช.นภัทร อริยมาธากุล | D58: 21677
A59: 10 | B59: 21678 | C59: ด.ช.นิติภูมิ มูฮำหมัดรอโซน | D59: 21678
A60: 11 | B60: 21679 | C60: ด.ช.ปริทัศน์ จ่างเเสง | D60: 21679
A61: 12 | B61: 21681 | C61: ด.ช.พีรวัฒน์ พันบุบผา | D61: 21681
... A84: 35 | B84: 21704 | C84: ด.ญ.สุพนิตา พรมแก้ว | D84: 21704
A85: 36 | B85: 21705 | C85: ด.ญ.สุภาภรณ์ แก้วศิลปการ | D85: 21705 | J85: ด.ญ.สุภาภรณ์ ลุงอ้วน
A86: 37 | B86: 21706 | C86: ด.ญ.อติกานต์ ม้าสุวรรณ | D86: 21706
A87: 38 | B87: 21708 | C87: ด.ญ.อาทิตยา โห้งาม | D87: 21708
A88: 39 | B88: 23546 | C88: ด.ญ.โชติกา พงศ์ภัคปัญญา | D88: 23546
A89: 40 | B89: 23547 | C89: ด.ญ.ดาวิกา ชูทับทิม | D89: 23547
A90: โรงเรียนเตรียมอุดมศึกษาพัฒนาการ ปทุมธานี
B91: รายชื่อนักเรียน ปีการศึกษา 2568 ภาคเรียนที่ 2 ชั้น ม. 3 ห้องที่ 3 คณะใฝ่คุณธรรม (สีม่วง) | D91: รายชื่อนักเรียน ปีการศึกษา 2568 ภาคเรียนที่ 2 ชั้น ม. 3 ห้องที่ 3 คณะใฝ่คุณธรรม (สีม่วง)
A92: วิชา..............................................
A93: ครูที่ปรึกษา : 1.นายพัชรินทร์ อยู่สิงห์โต 2.นางสาวทิพย์นารี สมศรี
A94: ที่ | B94: เลขประจำตัว | C94: ชื่อ นามสกุล | D94: เลขประจำตัว
A95: 1 | B95: 21710 | C95: ด.ช.กันต์นธีร์ แถมมุลตรี | D95: 21710
A96: 2 | B96: 21711 | C96: ด.ช.จิรภัทร รุ่งสว่าง | D96: 21711
A97: 3 | B97: 21712 | C97: ด.ช.ไชยวัฒน์ มือสันทัด | D97: 21712
A98: 4 | B98: 21713 | C98: ด.ช.ฐิติพร รักใคร่ | D98: 21713
A99: 5 | B99: 21714 | C99: ด.ช.ดนุพร เจริญศรีเมือง | D99: 21714
A100: 6 | B100: 21715 | C100: ด.ช.เดชา แดงเทศ | D100: 21715
A101: 7 | B101: 21716 | C101: ด.ช.ธนากร ปี่ทอง | D101: 21716
A102: 8 | B102: 21717 | C102: ด.ช.ธันวา ช้างทอง | D102: 21717
A103: 9 | B103: 21718 | C103: ด.ช.นรภัทร ศะศินิล | D103: 21718
A104: 10 | B104: 21719 | C104: ด.ช.บุญมี นวลศรี | D104: 21719
A105: 11 | B105: 21720 | C105: ด.ช.ปิติภัทร กฤษวิเชียร | D105: 21720
A106: 12 | B106: 21721 | C106: ด.ช.พรชัย ทองสุข | D106: 21721
... A132: 38 | B132: 22839 | C132: ด.ญ.ญาณิศา ชูทับทิม | D132: 22839
B133: รายชื่อนักเรียน ปีการศึกษา 2568 ภาคเรียนที่ 2 ชั้น ม. 3 ห้องที่ 4 คณะผดุงศาสน์ (สีเหลือง) | D133: รายชื่อนักเรียน ปีการศึกษา 2568 ภาคเรียนที่ 2 ชั้น ม. 3 ห้องที่ 4 คณะผดุงศาสน์ (สีเหลือง)
A134: วิชา..............................................
A135: ครูที่ปรึกษา : 1.นางสาวนิรามัย เอกนัย 2.นายยุทธรงค์ น้ำจันทร์
A136: ที่ | B136: เลขประจำตัว | C136: ชื่อ นามสกุล | D136: เลขประจำตัว
A137: 1 | B137: 21749 | C137: ด.ช.กสินชัย ครึมยะราช | D137: 21749
A138: 2 | B138: 21751 | C138: ด.ช.กีรติ ภู่พูนลาภ | D138: 21751
A139: 3 | B139: 21752 | C139: ด.ช.เกรียงไกร ชูใจ | D139: 21752
A140: 4 | B140: 21753 | C140: ด.ช.ชคัทธาดา พรหมมัญ | D140: 21753
A141: 5 | B141: 21754 | C141: ด.ช.ชยพล ทองคำ | D141: 21754
A142: 6 | B142: 21755 | C142: ด.ช.ไชยภัทร แก้วผ่อง | D142: 21755
A143: 7 | B143: 21756 | C143: ด.ช.ณฐกร บัวเข็ม | D143: 21756
A144: 8 | B144: 21757 | C144: ด.ช.ณัฐกร สุคนธลักษณ์ | D144: 21757
A145: 9 | B145: 21758 | C145: ด.ช.ณัฐวุฒิ พลศรี | D145: 21758
A146: 10 | B146: 21760 | C146: ด.ช.เดชาติวงศ์ วิลา | D146: 21760
A147: 11 | B147: 21761 | C147: ด.ช.ทยากร ก้อนทอง | D147: 21761
A148: 12 | B148: 21762 | C148: ด.ช.พชร จันทร์คล้าย | D148: 21762
... A175: 39 | B175: 23548 | C175: นางสาวกุลภรณ์ โชติวโรนุกุล | D175: 23548
B177: รายชื่อนักเรียน ปีการศึกษา 2568 ภาคเรียนที่ 2 ชั้น ม. 3 ห้องที่ 5 คณะเทิดกษัตริย์ (สีฟ้า) | D177: รายชื่อนักเรียน ปีการศึกษา 2568 ภาคเรียนที่ 2 ชั้น ม. 3 ห้องที่ 5 คณะเทิดกษัตริย์ (สีฟ้า)
A178: วิชา..............................................
A179: ครูที่ปรึกษา : 1.นางสาวกรรณิการ์ นันบุญมา 2.นางสาวสุมณฑา สงจันทร์
A180: ที่ | B180: เลขประจำตัว | C180: ชื่อ นามสกุล | D180: เลขประจำตัว
A181: 1 | B181: 21790 | C181: ด.ช.กาณฑ์ฐภัชภ์ ธีรคุปต์ | D181: 21790
A182: 2 | B182: 21791 | C182: ด.ช.คุณากร เนียมบุญเจือ | D182: 21791
A183: 3 | B183: 21792 | C183: ด.ช.จีรวัฒน์ ว่องไว | D183: 21792
A184: 4 | B184: 21793 | C184: ด.ช.เจษฎา เพ็งอำไพ | D184: 21793
A185: 5 | B185: 21795 | C185: ด.ช.ฐิติวัชร์ คงสังข์ | D185: 21795
A186: 6 | B186: 21796 | C186: ด.ช.ธนภพ สนทอง | D186: 21796
A187: 7 | B187: 21797 | C187: ด.ช.ธีรเดช กุ้มผักแว่น | D187: 21797
A188: 8 | B188: 21798 | C188: ด.ช.ปัณณธร จันพยัค | D188: 21798
A189: 9 | B189: 21799 | C189: ด.ช.ปุญญพัฒน์ ชูเช่น | D189: 21799
A190: 10 | B190: 21800 | C190: ด.ช.พุทธคุณ โทสิงห์ | D190: 21800
A191: 11 | B191: 21801 | C191: ด.ช.ภัทรดนัย จุลบรรยงค์ | D191: 21801
A192: 12 | B192: 21802 | C192: ด.ช.รัชชานนท์ เอี่ยมจันทร์ | D192: 21802
... A220: 40 | B220: 23551 | C220: ด.ญ.พิชญาภา สุขตัว | D220: 23551
B222: รายชื่อนักเรียน ปีการศึกษา 2568 ภาคเรียนที่ 2 ชั้น ม. 3 ห้องที่ 6 คณะผดุงศาสน์ (สีเหลือง) | D222: รายชื่อนักเรียน ปีการศึกษา 2568 ภาคเรียนที่ 2 ชั้น ม. 3 ห้องที่ 6 คณะผดุงศาสน์ (สีเหลือง)
A223: วิชา..............................................
A224: ครูที่ปรึกษา : 1.นางสาวจันท์ศจี หงส์สุนันท์ 2.นางสาวกมลทิพย์ เอี่ยมสอาด
A225: ที่ | B225: เลขประจำตัว | C225: ชื่อ นามสกุล | D225: เลขประจำตัว
A226: 1 | B226: 21829 | C226: ด.ช.กฤตพล พึ่งสว่าง | D226: 21829
A227: 2 | B227: 21830 | C227: ด.ช.กฤติน ครึ้มกลาง | D227: 21830
A228: 3 | B228: 21831 | C228: ด.ช.จิตรโรจน์ วิชัยดิษฐ | D228: 21831
...

Sheet ม.367
A1: โรงเรียนเตรียมอุดมศึกษาพัฒนาการ ปทุมธานี
B2: รายชื่อนักเรียน ปีการศึกษา 2567 ภาคเรียนที่ 2 ชั้น ม. 3 ห้องที่ 1 คณะผดุงศาสน์ (สีเหลือง)
A3: วิชา..............................................
A4: ครูที่ปรึกษา : 1.นางสาวชลธิชา จันสา 2.นางสาวธัญญารัตน์ ไหวพรม
A5: ที่ | B5: เลขประจำตัว | C5: ชื่อ นามสกุล
A6: 1 | B6: 21093 | C6: ด.ช.กฤษ ใจเย็น
A7: 2 | B7: 21095 | C7: ด.ช.ชยพล ต้นทองคำ
A8: 3 | B8: 21096 | C8: ด.ช.ชิณเขตต์ ภูผาคุณ
A9: 4 | B9: 21097 | C9: ด.ช.ทานุทัต นุ้ยจำนัล
A10: 5 | B10: 21098 | C10: ด.ช.ธนโชติ ศรีสุวรรณ
A11: 6 | B11: 21101 | C11: ด.ช.ภาคภูมิ สุภักดี
A12: 7 | B12: 21102 | C12: ด.ช.ภาคภูมิ อารมคง
A13: 8 | B13: 21103 | C13: ด.ช.ภานุเดช สมพงษ์
A14: 9 | B14: 21104 | C14: ด.ช.วรวิทย์ ศิริ
A15: 10 | B15: 21105 | C15: ด.ช.วุฒิภัทร จันทร์เทศ
A16: 11 | B16: 21106 | C16: ด.ช.สถิรพันธ์ แนวโสภา
A17: 12 | B17: 21107 | C17: ด.ช.สุทธินัย กงนะ
... A38: 33 | B38: 22863 | C38: ด.ญ.อันดา กลิ่นน้ำเงิน
A39: โรงเรียนเตรียมอุดมศึกษาพัฒนาการ ปทุมธานี
B40: รายชื่อนักเรียน ปีการศึกษา 2567 ภาคเรียนที่ 2 ชั้น ม. 3 ห้องที่ 2 คณะใฝ่คุณธรรม (สีม่วง)
A41: วิชา..............................................
A42: ครูที่ปรึกษา : 1.นางสาวสิริมาวีร์ สิงห์สูง 2.นายธิติพงศ์ พิกุลขาว
A43: ที่ | B43: เลขประจำตัว | C43: ชื่อ นามสกุล
A44: 1 | B44: 21128 | C44: ด.ช.ฐนพณ บุญช่วย
A45: 2 | B45: 21129 | C45: ด.ช.ธนพล ร่องรัตน์
A46: 3 | B46: 21130 | C46: ด.ช.ธนะกฤต ไตรวิลาวัณย์
A47: 4 | B47: 21131 | C47: ด.ช.ธรประกาย อินทหอม
A48: 5 | B48: 21132 | C48: ด.ช.ปภาวิน ขจีจิตร
A49: 6 | B49: 21133 | C49: ด.ช.ปริยะ อ่องสอาด
A50: 7 | B50: 21134 | C50: ด.ช.ภูมิทัศน์ ศรีทอง
A51: 8 | B51: 21135 | C51: ด.ช.มนตรี สาระบุตร
A52: 9 | B52: 21136 | C52: ด.ช.รณกร สีสุข
A53: 10 | B53: 21137 | C53: ด.ช.วรณัฐ ภาโส
A54: 11 | B54: 21138 | C54: ด.ช.วิทวัส จันทะคัด
A55: 12 | B55: 21139 | C55: ด.ช.ศุภฤกษ์ วรรณเศรณีรักษ์
... A80: 37 | B80: 22846 | C80: ด.ญ.สุรัสวดี ศรีสุพรรณ
A82: โรงเรียนเตรียมอุดมศึกษาพัฒนาการ ปทุมธานี
B83: รายชื่อนักเรียน ปีการศึกษา 2567 ภาคเรียนที่ 2 ชั้น ม. 3 ห้องที่ 3 คณะรักชาติ (สีแดง)
A84: วิชา..............................................
A85: ครูที่ปรึกษา : 1.นางสาวนริสรา สุขตาม 2.นางสาวกรรณิการ์ นันบุญมา
A86: ที่ | B86: เลขประจำตัว | C86: ชื่อ นามสกุล
A87: 1 | B87: 21163 | C87: ด.ช.จตุรภัทร กันภัย
A88: 2 | B88: 21165 | C88: ด.ช.ณภพ ทิพย์อักษร
A89: 3 | B89: 21167 | C89: ด.ช.ปรองคุณ ไชยดี
A90: 4 | B90: 21168 | C90: ด.ช.ปิติวิทย์ เอี่ยมวิจารณ์
A91: 5 | B91: 21169 | C91: ด.ช.พชรพล สุรบุตร
A92: 6 | B92: 21170 | C92: ด.ช.พสุธา จันธิมากรณ์
A93: 7 | B93: 21171 | C93: ด.ช.ไวทิน นาเชียงใต้
A94: 8 | B94: 21173 | C94: ด.ช.สกลวรรธน์ เปี่ยมวิลัย
A95: 9 | B95: 21174 | C95: ด.ช.สิทธินันท์ ประเทืองถิ่น
A96: 10 | B96: 21175 | C96: ด.ช.อดิเทพ กุละนาม
A97: 11 | B97: 21176 | C97: ด.ช.อดิเทพ คลีฉายา
A98: 12 | B98: 22212 | C98: ด.ช.พนากรณ์ กิจจานุลักษณ์
... A119: 33 | B119: 22847 | C119: น.ส.กนกวรรณ เล็ดลอด
A120: โรงเรียนเตรียมอุดมศึกษาพัฒนาการ ปทุมธานี
B121: รายชื่อนักเรียน ปีการศึกษา 2567 ภาคเรียนที่ 2 ชั้น ม. 3 ห้องที่ 4 คณะเทิดกษัตริย์ (สีฟ้า)
A122: วิชา..............................................
A123: ครูที่ปรึกษา : 1.นางสาวช่อทิพย์ พิมพ์สอน 2.นายประภาส จันทร์เสน่ห์
A124: ที่ | B124: เลขประจำตัว | C124: ชื่อ นามสกุล
A125: 1 | B125: 21196 | C125: ด.ช.กันตพงศ์ ปราสัย
A126: 2 | B126: 21197 | C126: ด.ช.กิตติศักดิ์ อุตทอง
A127: 3 | B127: 21198 | C127: ด.ช.จีรพัฒน์ นาคใส
A128: 4 | B128: 21199 | C128: ด.ช.ชลพรรธน์ มั่นคง
A129: 5 | B129: 21200 | C129: ด.ช.ฐิติพงศ์ ปรีดี
A130: 6 | B130: 21201 | C130: ด.ช.ณภัทร ลงสุวรรณ
A131: 7 | B131: 21203 | C131: ด.ช.ปฏิมากร ยาวงษ์
A132: 8 | B132: 21204 | C132: ด.ช.พงศ์พิพัฒน์ มณีพันธ์
A133: 9 | B133: 21205 | C133: ด.ช.พชร หมีกุละ
A134: 10 | B134: 21206 | C134: ด.ช.ศิวานนต์ ไชยยศ
A135: 11 | B135: 21207 | C135: ด.ช.ศุภณัฐ เที่ยงเกตุ
A136: 12 | B136: 21208 | C136: ด.ช.สงกรานต์ ทรัพย์สิน
... A149: 25 | B149: 21219 | C149: ด.ญ.ปุณยวีร์ ล้นหลาม
A150: 26 | B150: 21220 | C150: ด.ญ.ปภัชพิสิษฐ์ มีวิริยกุล | J150: ด.ญ.พิชชานันท์ ปิยะพิสิษฐ์
A151: 27 | B151: 21221 | C151: ด.ญ.พิชญาภา เขตชมภู
A152: 28 | B152: 21222 | C152: ด.ญ.ภิญญาพัชญ์ สิทธิวงศ์อังกูล
A153: 29 | B153: 21223 | C153: ด.ญ.มินชญา ชื่นอารมย์
A154: 30 | B154: 21224 | C154: ด.ญ.รฐฐสินี โตคุ้ม
A155: 31 | B155: 21226 | C155: ด.ญ.สร้อยทิพย์ แจ่มประเสริฐ
A156: 32 | B156: 21227 | C156: ด.ญ.สุกฤตา สุระแสง
A157: 33 | B157: 21228 | C157: ด.ญ.สุธิดา ลาเลิศ
A158: 34 | B158: 21229 | C158: ด.ญ.อิงฟ้า สิริวัฒนานนท์กุล
A159: 35 | B159: 21611 | C159: ด.ญ.ปรารถนา ทองสมุทร
A160: 36 | B160: 22848 | C160: ด.ญ.จีรานนท์ พลพิพัฒน์
A161: โรงเรียนเตรียมอุดมศึกษาพัฒนาการ ปทุมธานี
B162: รายชื่อนักเรียน ปีการศึกษา 2567 ภาคเรียนที่ 2 ชั้น ม. 3 ห้องที่ 5 คณะผดุงศาสน์ (สีเหลือง)
A163: วิชา..............................................
A164: ครูที่ปรึกษา : 1.นายมานัส เดชไชย 2.นางสาวจิรภาภรณ์ วงศ์กาญจนฉัตร
A165: ที่ | B165: เลขประจำตัว | C165: ชื่อ นามสกุล
A166: 1 | B166: 21230 | C166: ด.ช.กฤต เสาร์มั่น
A167: 2 | B167: 21231 | C167: ด.ช.ชินปกรณ์ พรหมบังเกิด
A168: 3 | B168: 21233 | C168: ด.ช.ธนภัทร ม้าสุวรรณ
A169: 4 | B169: 21235 | C169: ด.ช.ธันวา สีทับทิม
A170: 5 | B170: 21236 | C170: ด.ช.ธีรุตน์ มหาวัฒนปรีชา
A171: 6 | B171: 21237 | C171: ด.ช.พีรพรรฒ มาสม
A172: 7 | B172: 21238 | C172: ด.ช.ภานุวัฒน์ กลิ่นหอม
A173: 8 | B173: 21239 | C173: ด.ช.ภิญโญ มิลินทากาศ
A174: 9 | B174: 21241 | C174: ด.ช.สรชัช นกอยู่
A175: 10 | B175: 21243 | C175: ด.ช.อรรถพล ดีวาจา
A176: 11 | B176: 21613 | C176: ด.ช.ภพธรรม จันทรวิทูร
A177: 12 | B177: 22215 | C177: ด.ช.พีรธัช จันตา
...

Sheet Sheet8
A1: จ่ายเงินค่ารูป 2565
A2: ห้อง | B2: จำวนวคน | C2: จำนวนเงิน | D2: ลงชื่อผู้ส่ง | E2: วันที่ส่ง
A3: ม.3/1
A4: ม.3/2
A5: ม.3/3
A6: ม.3/4
A7: ม.3/5
A8: ม.3/6
A9: ม.3/7
A10: ม.3/8
A11: ม.3/9
A12: ม.3/10
A13: ม.3/11
A14: ม.3/12
... A24: ม.6/9

Sheet ม.366
A1: โรงเรียนเตรียมอุดมศึกษาพัฒนาการ ปทุมธานี
A2: รายชื่อนักเรียน ปีการศึกษา 2566 ภาคเรียนที่ 2 ชั้น ม. 3 ห้องที่ 1 คณะรักชาติ (สีแดง)
A3: รายชื่อ..............................................
A4: ครูที่ปรึกษา : 1.นางสาวชลธิชา จันสา 2.นางจิรภาภรณ์ วงศ์กาญจนฉัตร
A5: ที่ | B5: เลขประจำตัว | C5: ชื่อ นามสกุล
A6: 1 | B6: 20432 | C6: ด.ช.จักรี ช่างคิด
A7: 2 | B7: 20433 | C7: ด.ช.ฉัตรชนินทร์ รักษาวงศ์
A8: 3 | B8: 20434 | C8: ด.ช.ชนะภัทร หิงประโคน
A9: 4 | B9: 20436 | C9: ด.ช.ณัฏฐกรณ์ ขันแก้ว
A10: 5 | B10: 20437 | C10: ด.ช.ณัฐภัทร​ เมือง​แก้ว
A11: 6 | B11: 20438 | C11: ด.ช.เเทนพงศ์ เอมสมุท
A12: 7 | B12: 20439 | C12: ด.ช.ธนกฤต สุขะเศวต
A13: 8 | B13: 20440 | C13: ด.ช.ธราเทพ อุทัยแจ่ม
A14: 9 | B14: 20443 | C14: ด.ช.แผ่นฟ้า เคลลี่
A15: 10 | B15: 20444 | C15: ด.ช.พนธกร วงศ์สุวัชร์
A16: 11 | B16: 20446 | C16: ด.ช.พสิษฐ์ แสงศรี
A17: 12 | B17: 20447 | C17: ด.ช.พัลลภ โป๊ะแก้ว
... A36: 31 | B36: 20468 | C36: ด.ญ.สุชญา เชิดชูวงศ์สกุล
A37: 32 | B37: 20469 | C37: ด.ญ.ชาลิสา ศรีกระสินธุ์ | L37: ด.ญ.สุธิดา ศรีกระสินธุ์
A38: 33 | B38: 20470 | C38: ด.ญ.เพทาย เจริญศิริ
A39: 34 | B39: 20471 | C39: ด.ญ.อติพร เพ็ญวิจิตร
A40: 35 | B40: 20472 | C40: ด.ญ.อาริสา วารินกุด
A41: 36 | B41: 20473 | C41: ด.ญ.อินทริยา มณีเติม
A42: 37 | B42: 21588 | C42: ด.ญ.อัจฉรา คงบันนัก
A43: 38 | B43: 22223 | C43: ด.ญ.พิมพ์ดาว ปริญญาศุภมาศ
A44: โรงเรียนเตรียมอุดมศึกษาพัฒนาการ ปทุมธานี
B45: รายชื่อนักเรียน ปีการศึกษา 2566 ภาคเรียนที่ 2 ชั้น ม. 3 ห้องที่ 2 คณะเทิดกษัตริย์ (สีฟ้า)
A46: รายชื่อ..............................................
A47: ครูที่ปรึกษา : 1.นางสาวกมลทิพย์ เอี่ยมสอาด 2. นางสาวช่อทิพย์ พิมพ์สอน
A48: ที่ | B48: เลขประจำตัว | C48: ชื่อ นามสกุล
A49: 1 | B49: 20474 | C49: ด.ช.จิตรกรานต์ สรวยกรุ่น
A50: 2 | B50: 20475 | C50: ด.ช.ชญานนท์ บุญประเสริฐ
A51: 3 | B51: 20477 | C51: ด.ช.ณัฐพล สาหร่ายกลาง
A52: 4 | B52: 20478 | C52: ด.ช.ตี -
A53: 5 | B53: 20480 | C53: ด.ช.ธิติกร เอี่ยมสอาด
A54: 6 | B54: 20482 | C54: ด.ช.ปุณยริชย์ สินธุเสน
A55: 7 | B55: 20483 | C55: ด.ช.พีรชา ประเสริฐสุข
A56: 8 | B56: 20484 | C56: ด.ช.มงคลรัตน์ แซ่เล้า
A57: 9 | B57: 20485 | C57: ด.ช.วายุ ทองกัญญา
A58: 10 | B58: 20486 | C58: ด.ช.วิษณุ สุริยะ
A59: 11 | B59: 20487 | C59: ด.ช.ศุทธิธรรม สุภาชาติ
A60: 12 | B60: 20488 | C60: ด.ช.ศุภรัตน์ โตทุ้ย
... A91: 43 | B91: 22225 | C91: น.ส.รัตนาภรณ์ แสงมาลา
A92: โรงเรียนเตรียมอุดมศึกษาพัฒนาการ ปทุมธานี
B93: รายชื่อนักเรียน ปีการศึกษา 2566 ภาคเรียนที่ 2 ชั้น ม. 3 ห้องที่ 3 คณะพัฒนาไทย (สีเขียว)
A94: รายชื่อ..............................................
A95: ครูที่ปรึกษา : 1.นางสาวลดาวัลย์ ดวงจิตร 2. นายมานัส เดชไชย
A96: ที่ | B96: เลขประจำตัว | C96: ชื่อ นามสกุล
A97: 1 | B97: 20517 | C97: ด.ช.กิตติพัฒน์ วงษาเหวก
A98: 2 | B98: 20518 | C98: ด.ช.ฉัตรชัย แซ่ฉั่ว
A99: 3 | B99: 20519 | C99: ด.ช.ณัฐธัญ แก้วมณี
A100: 4 | B100: 20520 | C100: ด.ช.ณัฐพล มูลจรัส
A101: 5 | B101: 20521 | C101: ด.ช.ณัฐเมศร์ กุลพรวรพัฒน์
A102: 6 | B102: 20522 | C102: ด.ช.เตชพัฒน์ กรสิงห์
A103: 7 | B103: 20523 | C103: ด.ช.ธันวา นวลศิริ
A104: 8 | B104: 20524 | C104: ด.ช.นพรัตน์ เจริญทอง
A105: 9 | B105: 20525 | C105: ด.ช.ปวีณ แช่มรักษา
A106: 10 | B106: 20526 | C106: ด.ช.พชรพงศ์ ด้วงฟัก
A107: 11 | B107: 20527 | C107: ด.ช.พัทธดนัย บุญสม
A108: 12 | B108: 20528 | C108: ด.ช.พุทธิภาส กุระจินดา
... A137: 41 | B137: 20559 | C137: ด.ญ.อภิญญา คณิตกาญจนา
A138: โรงเรียนเตรียมอุดมศึกษาพัฒนาการ ปทุมธานี
B139: รายชื่อนักเรียน ปีการศึกษา 2566 ภาคเรียนที่ 2 ชั้น ม. 3 ห้องที่ 4 คณะรักชาติ (สีแดง)
A140: รายชื่อ..............................................
A141: ครูที่ปรึกษา : 1.นางสาวจันท์ศจี หงส์สุนันท์ 2. นางสาวกองแก้ว วีระพงษ์
A142: ที่ | B142: เลขประจำตัว | C142: ชื่อ นามสกุล
A143: 1 | B143: 20560 | C143: ด.ช.จิระยุทธ ละครสระน้อย
A144: 2 | B144: 20561 | C144: ด.ช.ชัชวาลย์ ดาววงษ์
A145: 3 | B145: 20562 | C145: ด.ช.ชัยวัฒน์ ลิ้มรส
A146: 4 | B146: 20563 | C146: ด.ช.ณัฎฐา พงษ์ทอง
A147: 5 | B147: 20564 | C147: ด.ช.ณัฐณกร ตรุสมูล
A148: 6 | B148: 20565 | C148: ด.ช.ณัฐวุฒิ คชฤทธิ์
A149: 7 | B149: 20566 | C149: ด.ช.เตชินทร์ ผาสุข
A150: 8 | B150: 20567 | C150: ด.ช.ธนกฤต เอมสมุท
A151: 9 | B151: 20568 | C151: ด.ช.ธมกร กลั่นผักแว่น
A152: 10 | B152: 20569 | C152: ด.ช.ธันวา เทพทองอินทร์
A153: 11 | B153: 20570 | C153: ด.ช.ธาราเทพ ตรีวิเวก
A154: 12 | B154: 20573 | C154: ด.ช.ศรัณยู ทัดภูธร
... A184: 42 | B184: 22227 | C184: ด.ญ.ปราณณิชา ชัยรัตน์ลี้ตระกูล
A185: โรงเรียนเตรียมอุดมศึกษาพัฒนาการ ปทุมธานี
B186: รายชื่อนักเรียน ปีการศึกษา 2566 ภาคเรียนที่ 2 ชั้น ม. 3 ห้องที่ 5 คณะพัฒนาไทย (สีเขียว)
A187: รายชื่อ..............................................
A188: ครูที่ปรึกษา : 1.นายนิติธร สอพิมาย 2. นางสาวกรรณิการ์ นันบุญมา
A189: ที่ | B189: เลขประจำตัว | C189: ชื่อ นามสกุล
A190: 1 | B190: 20604 | C190: ด.ช.กรภัทร์ ทองเที่ยง
A191: 2 | B191: 20605 | C191: ด.ช.กฤตภาษ บุญมั่น
A192: 3 | B192: 20606 | C192: ด.ช.กฤตเมธ ศรีอ่อน
A193: 4 | B193: 20608 | C193: ด.ช.กวีวัฒน์ ก้านแก้ว
A194: 5 | B194: 20609 | C194: ด.ช.กานต์ อิ่มกลาง
A195: 6 | B195: 20612 | C195: ด.ช.ชนัทธา อุดมพรวิเศษ
A196: 7 | B196: 20613 | C196: ด.ช.ชยพล ชูเชิด
A197: 8 | B197: 20614 | C197: ด.ช.ทัศน์พล คำทองสุข
A198: 9 | B198: 20615 | C198: ด.ช.ธนกฤต หมุดทอง
A199: 10 | B199: 20616 | C199: ด.ช.ธนภัทร มะหะหมัด
A200: 11 | B200: 20618 | C200: ด.ช.ภูมิรพี ชะเอมเทศ
A201: 12 | B201: 20619 | C201: ด.ช.วรวิทย์ สร้อยกล่อม
... A229: 40 | B229: 22230 | C229: ด.ญ.สุพัตรา มาลัย
A230: โรงเรียนเตรียมอุดมศึกษาพัฒนาการ ปทุมธานี
B231: รายชื่อนักเรียน ปีการศึกษา 2566 ภาคเรียนที่ 2 ชั้น ม. 3 ห้องที่ 6 คณะผดุงศาสน์ (สีเหลือง)
A232: รายชื่อ..............................................
...

Sheet Sheet1 (3)
A1: ระดับ | B1: ชั้น | C1: ห้อง | D1: ปีการศึกษา | E1: ภาคเรียน | F1: แผน | G1: เลขที่ | H1: กลุ่ม | I1: สถานะนักเรียน | J1: เลขประจำตัว | K1: คำนำหน้า | L1: ชื่อ | M1: นามสกุล | N1: เลขประชาชน | O1: เลขประจำตัว
A2: มัธยมต้น | B2: ม.3 | C2: 1 | D2: 2568 | E2: 2 | F2: 0 | G2: 1 | I2: จบการศึกษา | J2: 21629 | K2: นาย | L2: กวี | M2: โต๊ะแอ | N2: 1104301276073 | O2: 21629
A3: มัธยมต้น | B3: ม.3 | C3: 2 | D3: 2568 | E3: 2 | F3: 0 | G3: 1 | I3: จบการศึกษา | J3: 21669 | K3: นาย | L3: จิรพัฒน์ | M3: วัฒนวงษ์ | N3: 1104100049142 | O3: 21669
A4: มัธยมต้น | B4: ม.3 | C4: 3 | D4: 2568 | E4: 2 | F4: 0 | G4: 1 | I4: จบการศึกษา | J4: 21710 | K4: นาย | L4: กันต์นธีร์ | M4: แถมมุลตรี | N4: 1104200747291 | O4: 21710
A5: มัธยมต้น | B5: ม.3 | C5: 4 | D5: 2568 | E5: 2 | F5: 0 | G5: 1 | I5: จบการศึกษา | J5: 21749 | K5: นาย | L5: กสินชัย | M5: ครึมยะราช | N5: 1102004180274 | O5: 21749
A6: มัธยมต้น | B6: ม.3 | C6: 5 | D6: 2568 | E6: 2 | F6: 0 | G6: 1 | I6: จบการศึกษา | J6: 21790 | K6: นาย | L6: กาณฑ์ฐภัชภ์ | M6: ธีรคุปต์ | N6: 1102700850405 | O6: 21790
A7: มัธยมต้น | B7: ม.3 | C7: 6 | D7: 2568 | E7: 2 | F7: 0 | G7: 1 | I7: จบการศึกษา | J7: 21829 | K7: นาย | L7: กฤตพล | M7: พึ่งสว่าง | N7: 1279800278369 | O7: 21829
A8: มัธยมต้น | B8: ม.3 | C8: 7 | D8: 2568 | E8: 2 | F8: 0 | G8: 1 | I8: จบการศึกษา | J8: 21869 | K8: นาย | L8: กิตติกร | M8: แสงใหญ่ | N8: 1260401218259 | O8: 21869
A9: มัธยมต้น | B9: ม.3 | C9: 8 | D9: 2568 | E9: 2 | F9: 0 | G9: 1 | I9: จบการศึกษา | J9: 21909 | K9: เด็กชาย | L9: กิตติชัย | M9: แก้วฉาย | N9: 1104200786297 | O9: 21909
A10: มัธยมต้น | B10: ม.3 | C10: 9 | D10: 2568 | E10: 2 | F10: 0 | G10: 1 | I10: จบการศึกษา | J10: 21949 | K10: นาย | L10: กฤตภัค | M10: ศิริพัฒน์ | N10: 1101000300223 | O10: 21949
A11: มัธยมต้น | B11: ม.3 | C11: 10 | D11: 2568 | E11: 2 | F11: 0 | G11: 1 | I11: จบการศึกษา | J11: 21989 | K11: นาย | L11: กิรติ | M11: ไหมนิคม | N11: 1104200753917 | O11: 21989
A12: มัธยมต้น | B12: ม.3 | C12: 11 | D12: 2568 | E12: 2 | F12: 0 | G12: 1 | I12: จบการศึกษา | J12: 22029 | K12: เด็กชาย | L12: กานต์ธณัฏฐ์ | M12: อนันต์เวทยานนท์ | N12: 1100401552851 | O12: 22029
A13: มัธยมต้น | B13: ม.3 | C13: 12 | D13: 2568 | E13: 2 | F13: 0 | G13: 1 | I13: จบการศึกษา | J13: 22063 | K13: นาย | L13: ชนาธิป | M13: ศรีละพันธ์ | N13: 1101000276471 | O13: 22063
... A444: มัธยมต้น | B444: ม.3 | C444: 2 | D444: 2568 | E444: 2 | F444: 0 | G444: 40 | I444: จบการศึกษา | J444: 23547 | K444: นางสาว | L444: ดาวิกา | M444: ชูทับทิม | N444: 1104200782372 | O444: 23547

Sheet ม.4
A1: โรงเรียนเตรียมอุดมศึกษาพัฒนาการ ปทุมธานี
A2: รายชื่อนักเรียน ปีการศึกษา 2569 ภาคเรียนที่ 1 ชั้น ม. 4 ห้องที่ 1
A3: แผนการเรียนวิทยาศาสตร์สำหรับวิศวกรรมศาสตร์ คณะพัฒนาไทย (สีเขียว)
A4: วิชา..............................................................
A5: ครูที่ปรึกษา : 1.นายกิตติพงศ์ คุณกัณหา 2.นายเจตนิพัทธ์ ดีเป็นแก้ว
A6: ที่ | B6: เลขประจำตัว | C6: ชื่อ นามสกุล
A7: 1 | B7: 21882 | C7: นายปิยะพัฒน์ รัตติมาสกล
A8: 2 | B8: 21918 | C8: นายภานุพงศ์ เอื้ออารีย์
A9: 3 | B9: 22030 | C9: นายจิรพิพรรธ มาตคำมี
A10: 4 | B10: 22031 | C10: นายชยางกูร โฆสิต
A11: 5 | B11: 22036 | C11: นายธนกร คณาเตชวรรณ
A12: 6 | B12: 22065 | C12: นายณ นานะ มะอยู่เที่ยง
A13: 7 | B13: 22249 | C13: นายฉันทวิชญ์ หมัดลัง
A14: 8 | B14: 24080 | C14: นายณภัทธ วรโพธิ์ดก
A15: 9 | B15: 24081 | C15: นายณัฐภัทร บุตรงาม | J15: ขาด ปพ.1
A16: 10 | B16: 24082 | C16: นายทิฐินันท์ ผิวบาง | J16: ขาด ปพ.1
A17: 11 | B17: 24083 | C17: นายนราวิชญ์ ทิพย์เจริญ | J17: ขาด ปพ.1
A18: 12 | B18: 24084 | C18: นายนำโชค รัตนกร | J18: ขาด ปพ.1
A19: 13 | B19: 24085 | C19: นายพัชระ พิมพา
A20: 14 | B20: 24086 | C20: นายวีรภัทร ภูศิริฤทธิ์
A21: 15 | B21: 24087 | C21: นายสุรวัศ ป๊อกบุญเรือง
A22: 16 | B22: 21655 | C22: น.ส.ชนัญธิดา งามพล | J22: ขาด ปพ.1
A23: 17 | B23: 21772 | C23: น.ส.จันทิมา สิงอูป | J23: ขาด ปพ.1
A24: 18 | B24: 21857 | C24: น.ส.พิชญาภา ปัทมดิลก | J24: ขาด ปพ.1
A25: 19 | B25: 22028 | C25: น.ส.อังคณา พุมเสน
A26: 20 | B26: 22050 | C26: น.ส.ณัฏฐณิชา กัลยา
A27: 21 | B27: 22055 | C27: น.ส.บุญญาดา ครุธไทย
A28: 22 | B28: 22062 | C28: น.ส.ศศิพิมพ์ ศรีอภัย
A29: 23 | B29: 23553 | C29: น.ส.กัลณรินทร์ โนนสละ | J29: ขาด ปพ.1
A30: 24 | B30: 24088 | C30: น.ส.ณัฐธิดา เมืองอุดม | J30: ขาด ปพ.1
A31: 25 | B31: 24089 | C31: น.ส.เปมิกา คงผ่องแผ้ว
A32: 26 | B32: 24090 | C32: น.ส.อนันตญา เล่าสกล
A33: 27 | B33: 24124 | C33: น.ส.ธัญชนก วิเศษศิริ
A34: โรงเรียนเตรียมอุดมศึกษาพัฒนาการ ปทุมธานี
A35: รายชื่อนักเรียน ปีการศึกษา 2569 ภาคเรียนที่ 1 ชั้น ม. 4 ห้องที่ 2
A36: แผนการเรียนวิทยาศาสตร์สุขภาพ คณะเทิดกษัตริย์ (สีฟ้า)
A37: วิชา..............................................................
A38: ครูที่ปรึกษา : 1.นางสาวหทัยชนก สุกรเมือง 2. นางสาวสิริมาวีร์ สิงห์สูง
A39: ที่ | B39: เลขประจำตัว | C39: ชื่อ นามสกุล
A40: 1 | B40: 22032 | C40: นายชัชดนัย สินวิรส
A41: 2 | B41: 22034 | C41: นายดนตร์ แดงโชติ
A42: 3 | B42: 22039 | C42: นายปวีณ จันทะแจ่ม
A43: 4 | B43: 22042 | C43: นายสรัล กิ่งรุ้งเพชร์ | J43: ขาด ปพ.1
A44: 5 | B44: 22043 | C44: นายอภินพ ด้วงสงค์
A45: 6 | B45: 21663 | C45: น.ส.ภูริชญา ปุณยานิธิศ | J45: ขาด ปพ.1
A46: 7 | B46: 21668 | C46: น.ส.อภิญญา ทัศนเวช | J46: ขาด ปพ.1
A47: 8 | B47: 21686 | C47: น.ส.ชนานันท์ เพิ่มสุข
A48: 9 | B48: 21773 | C48: น.ส.ชญาภา นันทะ
A49: 10 | B49: 21778 | C49: น.ส.พรรณวษา เสน่หา
A50: 11 | B50: 21931 | C50: น.ส.ชัญญาปัญจภัค จับเเสงจันทร์ | J50: ขาด ปพ.1
A51: 12 | B51: 21934 | C51: น.ส.ณัฐณิชา แก้วขาว | J51: ขาด ปพ.1
A52: 13 | B52: 21939 | C52: น.ส.บุณยานุช แตงบุตร | J52: ขาด ปพ.1
A53: 14 | B53: 21984 | C53: น.ส.สุฑาทิพย์ จูกระโทก
A54: 15 | B54: 22011 | C54: น.ส.ณัฏฐ์ชญา ใจสุกใส
A55: 16 | B55: 22014 | C55: น.ส.ทศวราพร สมุหวิญญู
A56: 17 | B56: 22016 | C56: น.ส.พรรณทิวา พราหมวงษ์
A57: 18 | B57: 22018 | C57: น.ส.พิชญาภา ลาดสูงเนิน
A58: 19 | B58: 22021 | C58: น.ส.ศศิฌา กองกูล
A59: 20 | B59: 22022 | C59: น.ส.ศศิพิมพ์ ตุ้มเทียน
A60: 21 | B60: 22026 | C60: น.ส.โสรยา ศรีบรรเทา
A61: 22 | B61: 22027 | C61: น.ส.อรณิชา จิณกุลทอง
A62: 23 | B62: 22046 | C62: น.ส.กัญญ์วรา สิทธิชัย | J62: ขาด ปพ.1
A63: 24 | B63: 22048 | C63: น.ส.คิราริ โอกาวา
A64: 25 | B64: 22049 | C64: น.ส.ชัญญานุช บุญฉัตร์
A65: 26 | B65: 22051 | C65: น.ส.ณิชาภัทร พาชัย
A66: 27 | B66: 22052 | C66: น.ส.ธัญญธร พิลาภรณ์ | J66: ขาด ปพ.1
A67: 28 | B67: 22056 | C67: น.ส.ปภากานต์ ชาติกระโทก
A68: 29 | B68: 22057 | C68: นางสาวปวริศา พลศักดิ์
A69: 30 | B69: 22058 | C69: น.ส.ปุณิกา เข็มทอง | J69: ขาด ปพ.1
A70: 31 | B70: 22059 | C70: น.ส.พิชชนุช ไทยสวัสดิ์
A71: 32 | B71: 22060 | C71: น.ส.ภิญญาพัชญ์ ชูคันหอม
A72: 33 | B72: 22061 | C72: น.ส.รวิสรา เลิศชุ่ม
A73: 34 | B73: 22077 | C73: น.ส.ณัฐพัชร์ ผิวประกายเพชร
A74: 35 | B74: 22079 | C74: น.ส.นภสร คำเนียม
A75: 36 | B75: 22086 | C75: น.ส.อธิชา ซำศิริ
A76: 37 | B76: 24091 | C76: น.ส.ญาณิศา ดีมี | J76: ขาด ปพ.1
A77: 38 | B77: 24092 | C77: น.ส.พิชชาภา เจริญสัตย์
A78: 39 | B78: 24093 | C78: น.ส.พิชญาภา บุหรี่ทอง
A79: 40 | B79: 24094 | C79: น.ส.วันสุข ทรงคัชชะ
A80: 41 | B80: 24095 | C80: น.ส.สิรินดา ศรีสมโภชน์
A81: โรงเรียนเตรียมอุดมศึกษาพัฒนาการ ปทุมธานี
A82: รายชื่อนักเรียน ปีการศึกษา 2569 ภาคเรียนที่ 1 ชั้น ม. 4 ห้องที่ 3
A83: แผนการเรียนวิทยาศาสตร์-คณิตศาสตร์ คณะใฝ่คุณธรรม (สีม่วง)
A84: วิชา..............................................................
A85: ครูที่ปรึกษา : 1.นางญาณิศา สุวรรณศักดิ์ 2.นางสาวกรรณิการ์ อินทร์นอก
A86: ที่ | B86: เลขประจำตัว | C86: ชื่อ นามสกุล
A87: 1 | B87: 21629 | C87: นายกวี โต๊ะแอ
A88: 2 | B88: 21719 | C88: นายบุญมี นวลศรี | J88: ขาด ปพ.1
A89: 3 | B89: 21755 | C89: นายไชยภัทร แก้วผ่อง
A90: 4 | B90: 21799 | C90: นายปุญญพัฒน์ ชูเช่น
A91: 5 | B91: 21809 | C91: นายสุรสิทธิ เมฆลอย
A92: 6 | B92: 21910 | C92: นายจิรศักดิ์ อยู่ปรี
A93: 7 | B93: 21914 | C93: นายธนาคิม เอกพิมพ์
A94: 8 | B94: 21921 | C94: นายศิวกร คัมภีร์
A95: 9 | B95: 21950 | C95: นายกิตติกวิน เวียงอินทร์
A96: 10 | B96: 21951 | C96: นายขจรกิตติ์ ปามุทา
A97: 11 | B97: 21957 | C97: นายนรินธร รังวัสสา
A98: 12 | B98: 21959 | C98: นายภาณิวัฒน์ สารบัน
A99: 13 | B99: 21962 | C99: นายศุภกฤต สีคงเพชร
A100: 14 | B100: 22041 | C100: นายวรบดินทร์ เอื้อราษฎร์
...

Sheet ม.5
A1: โรงเรียนเตรียมอุดมศึกษาพัฒนาการ ปทุมธานี
A2: รายชื่อนักเรียน ปีการศึกษา 2569 ภาคเรียนที่ 1 ชั้น ม. 5 ห้องที่ 1
A3: แผนการเรียนวิทยาศาสตร์สำหรับวิศวกรรมศาสตร์ คณะรักชาติ (สีแดง)
A4: วิชา..............................................................
A5: ครูที่ปรึกษา : 1.นายธวัชชัย นาธะรัตน์
A6: ที่ | B6: เลขประจำตัว | C6: ชื่อ นามสกุล
A7: 1 | B7: 21400 | C7: นายกฤติกร สังข์ทอง
A8: 2 | B8: 21455 | C8: นายยศกร สนิทกุล
A9: 3 | B9: 21475 | C9: นายปรวัฒน์ จิ๋วประเสริฐผล
A10: 4 | B10: 22855 | C10: นายธนพัฒน์ วิบูลอัด
A11: 5 | B11: 23377 | C11: นายเจตน์สฤษฏิ์ ศรีวะปะ
A12: 6 | B12: 23378 | C12: นายต้นบุญ นิงสานนท์
A13: 7 | B13: 23379 | C13: นายคณิศ ขำสวัสดิ์
A14: 8 | B14: 23380 | C14: นายรัชต์ คล่องธนาคม
A15: 9 | B15: 23381 | C15: น.ส.ศศิรัตน์ ธุระพันธ์
A16: 10 | B16: 23382 | C16: น.ส.โศภิษฐา จันทรภักดี
A17: 11 | B17: 23383 | C17: น.ส.สุพรรณษา สูนสันเทียะ
A18: 12 | B18: 23384 | C18: น.ส.อัยยาวีร์ เค็งชัยภูมิ
A20: โรงเรียนเตรียมอุดมศึกษาพัฒนาการ ปทุมธานี
A21: รายชื่อนักเรียน ปีการศึกษา 2569 ภาคเรียนที่ 1 ชั้น ม. 5 ห้องที่ 2
A22: แผนการเรียนวิทยาศาสตร์สุขภาพ คณะใฝ่คุณธรรม (สีม่วง)
A23: วิชา..............................................................
A24: ครูที่ปรึกษา : 1. นายชนาธิป ยั่งยืน
A25: ที่ | B25: เลขประจำตัว | C25: ชื่อ นามสกุล
A26: 1 | B26: 20659 | C26: นายนัทพงษ์ สมฤทธิ์
A27: 2 | B27: 21404 | C27: นายณัฐพงศ์ สรจิตต์
A28: 3 | B28: 21439 | C28: นายกันต์ธีร์ อินสองใจ
A29: 4 | B29: 21440 | C29: นายชิติพัทธ์ เกษมวัฒนา
A30: 5 | B30: 21477 | C30: นายพิชชากร พันธุ์พิทย์แพทย์
A31: 6 | B31: 21478 | C31: นายพุฒินาท เทศะศิลป์
A32: 7 | B32: 23385 | C32: นายโชติวรุตม์ ฐิตินิธิเอกรัฐ
A33: 8 | B33: 23387 | C33: นายสุรเดช ผ่องสว่าง
A34: 9 | B34: 21121 | C34: น.ส.ลลิลรัชต์ ทิพยจักรพงศ์
A35: 10 | B35: 21195 | C35: น.ส.หทัยรัตน์ นาคทะเล
A36: 11 | B36: 21349 | C36: น.ส.กัญวรา ปินโน
A37: 12 | B37: 21419 | C37: น.ส.เจสิรินยา แสงคำเฉลียง
... A65: 40 | B65: 24198 | C65: น.ส. ณัฐวรา สภานนท์
A66: โรงเรียนเตรียมอุดมศึกษาพัฒนาการ ปทุมธานี
A67: รายชื่อนักเรียน ปีการศึกษา 2569 ภาคเรียนที่ 1 ชั้น ม. 5 ห้องที่ 3
A68: แผนการเรียนวิทยาศาสตร์-คณิตศาสตร์ คณะรักชาติ (สีแดง)
A69: วิชา..............................................................
A70: ครูที่ปรึกษา : 1.นางวรวลัญช์ ปรากฏผล
A71: ที่ | B71: เลขประจำตัว | C71: ชื่อ นามสกุล
A72: 1 | B72: 21103 | C72: นายภานุเดช สมพงษ์
A73: 2 | B73: 21196 | C73: นายกันตพงศ์ ปราสัย
A74: 3 | B74: 21338 | C74: นายธนโชติ ภมรพล
A75: 4 | B75: 21438 | C75: นายปาฏิหาริย์ วงศ์ประเทศ
A76: 5 | B76: 22238 | C76: นายพีรพัฒน์ สุขผล
A77: 6 | B77: 22852 | C77: นายภาคิน นากสีสุก
A78: 7 | B78: 23405 | C78: นายกฤตนัย เพ็งหนู
A79: 8 | B79: 23406 | C79: นายชนพล วรรณชัย
A80: 9 | B80: 23407 | C80: นายทักษกร กองเพ็ชรนิล
A81: 10 | B81: 23408 | C81: นายนิจิตอล ทองแกมแก้ว
A82: 11 | B82: 23409 | C82: นายปรีชานนท์ ถนอมญาติ
A83: 12 | B83: 23410 | C83: นายพงศกร ชื่นน้อย
... A112: 41 | B112: 23573 | C112: นางสาวอรวรรยา สนธิโพธิ์
A113: โรงเรียนเตรียมอุดมศึกษาพัฒนาการ ปทุมธานี
A114: รายชื่อนักเรียน ปีการศึกษา 2569 ภาคเรียนที่ 1 ชั้น ม. 5 ห้องที่ 4
A115: แผนการเรียนวิทยาศาสตร์-คณิตศาสตร์ คณะใฝ่คุณธรรม (สีม่วง)
A116: วิชา..............................................................
A117: ครูที่ปรึกษา : 1.นายทศพล มีชำนาญ 2. นายวุฒิชัย ทองใส
A118: ที่ | B118: เลขประจำตัว | C118: ชื่อ นามสกุล
A119: 1 | B119: 21167 | C119: นายปรองคุณ ไชยดี
A120: 2 | B120: 21205 | C120: นายพชร หมีกุละ
A121: 3 | B121: 21272 | C121: นายนพคุณ เหล็กเพ็ชร
A122: 4 | B122: 21298 | C122: นายกำพล พรมดี
A123: 5 | B123: 21339 | C123: นายธนพนธ์ บุญรวย
A124: 6 | B124: 21403 | C124: นายณัฐนัน ทะรารัมย์
A125: 7 | B125: 21448 | C125: นายภัคจิรกร อินสี
A126: 8 | B126: 23419 | C126: นายบุญญารัตน์ ดลประสิทธิ์
A127: 9 | B127: 23420 | C127: นายรพีพงศ์ ตรงสูญดี
A128: 10 | B128: 23421 | C128: นายสัณษ์พิชญ์ ศรีรักษาแก้ว
A129: 11 | B129: 23422 | C129: นายอภิวิชญ์ นวลคำ
A130: 12 | B130: 23423 | C130: นายอภิวิชญ์ ภัคธีมาทิวัตถ์
... A157: 39 | B157: 24201 | C157: น.ส.ชัญญา อัคระกรโภคิน
A159: โรงเรียนเตรียมอุดมศึกษาพัฒนาการ ปทุมธานี
A160: รายชื่อนักเรียน ปีการศึกษา 2569 ภาคเรียนที่ 1 ชั้น ม. 5 ห้องที่ 5
A161: แผนการเรียนปัญญาประดิษฐ์และนวัตกรรมดิจิทัล คณะพัฒนาไทย (สีเขียว)
A162: วิชา..............................................................
A163: ครูที่ปรึกษา : 1.นายเกริกชัย มาสม 2.นายอภิสิทธิ์ สีจักร
A164: ที่ | B164: เลขประจำตัว | C164: ชื่อ นามสกุล
A165: 1 | B165: 21171 | C165: นายไวทิน นาเชียงใต้
A166: 2 | B166: 21209 | C166: นายสรศักดิ์ มุกตาสวัสดิ์
A167: 3 | B167: 21266 | C167: นายกิตติวัฒน์ จันทรสีทอง
A168: 4 | B168: 21300 | C168: นายณัฐภัทร บัวราช
A169: 5 | B169: 21332 | C169: นายกฤษณพงศ์ หล้าพรหม
A170: 6 | B170: 21402 | C170: นายชลาชล ทองมา
A171: 7 | B171: 21405 | C171: นายดุลยรัตน์ หวังกา
A172: 8 | B172: 21409 | C172: นายนันทภพ ศรีเกษม
A173: 9 | B173: 21415 | C173: นายศรัณย์ ศิลาหล่อม
A174: 10 | B174: 21416 | C174: นายศิววุฒิพงษ์ สำราญบำรุงศรี
A175: 11 | B175: 21417 | C175: นายอารักษ์ วิรัตนเกษม
A176: 12 | B176: 21442 | C176: นายปวเรศ สุดมี
... A200: 36 | B200: 23440 | C200: น.ส.ธัญญภัสร์ มีภักดี
A202: โรงเรียนเตรียมอุดมศึกษาพัฒนาการ ปทุมธานี
A203: รายชื่อนักเรียน ปีการศึกษา 2569 ภาคเรียนที่ 1 ชั้น ม. 5 ห้องที่ 6
A204: แผนการเรียนภาษาอังกฤษเพื่ออาชีพ คณะเทิดกษัตริย์ (สีฟ้า)
A205: วิชา..............................................................
A206: ครูที่ปรึกษา : 1.นางสาวนิชาภัทร หอมทอง 2.ว่าที่ร้อยตรีภูษิต แจ่มจำรัส
A207: ที่ | B207: เลขประจำตัว | C207: ชื่อ นามสกุล
...

Sheet ม.6
A1: โรงเรียนเตรียมอุดมศึกษาพัฒนาการ ปทุมธานี
A2: รายชื่อนักเรียน ปีการศึกษา 2569 ภาคเรียนที่ 1 ชั้น ม. 6ห้องที่ 1
A3: แผนการเรียนวิทยาศาสตร์สำหรับวิศวกรรมศาสตร์ คณะผดุงศาสน์ (สีเหลือง)
A4: วิชา..............................................................
A5: ครูที่ปรึกษา : 1.นายธีรพงษ์ นามวงค์ 2.นายวรรณชนะ ปรากฏผล
A6: ที่ | B6: เลขประจำตัว | C6: ชื่อ นามสกุล
A7: 1 | B7: 20606 | C7: นายกฤตเมธ ศรีอ่อน
A8: 2 | B8: 20787 | C8: นายธนากร อินทโลหิต
A9: 3 | B9: 20795 | C9: นายศิวัฒม์ เขตชมภู
A10: 4 | B10: 20833 | C10: นายภควัฒน์ คมขำ
A11: 5 | B11: 20835 | C11: นายวรพงศ์ แซ่ตั้ง
A12: 6 | B12: 20867 | C12: นายธนากร ชึขุนทด
A13: 7 | B13: 20869 | C13: นายปารเมศ รัศมี
A14: 8 | B14: 20874 | C14: นายเมธัส ภู่นภาอำพร
A15: 9 | B15: 20875 | C15: นายยศธนะ สนิทกุล
A16: 10 | B16: 20876 | C16: นายศุภกฤต กิ่งรุ้งเพชร์
A17: 11 | B17: 21594 | C17: นายธนวัฒน์ นรัญจพันธุ์
A18: 12 | B18: 22712 | C18: นายกาก้า ทัพพ์ปวีณ์
... A28: 22 | B28: 22720 | C28: น.ส.ธนพร ทิพย์คงคา
A29: โรงเรียนเตรียมอุดมศึกษาพัฒนาการ ปทุมธานี
A30: รายชื่อนักเรียน ปีการศึกษา 2569 ภาคเรียนที่ 1 ชั้น ม. 6ห้องที่ 2
A31: แผนการเรียนวิทยาศาสตร์สุขภาพ คณะเทิดกษัตริย์ (สีฟ้า)
A32: วิชา..............................................................
A33: ครูที่ปรึกษา : 1.น.ส.ณัฐชา งามลักษณ์ 2.นางสาวจิราพร นิลตีบ
A34: ที่ | B34: เลขประจำตัว | C34: ชื่อ นามสกุล
A35: 1 | B35: 20486 | C35: นายวิษณุ สุริยะ
A36: 2 | B36: 20662 | C36: นายรชต ฮวบเอี่ยม
A37: 3 | B37: 20667 | C37: นายธัชกร โรจน์พินิจนัย
A38: 4 | B38: 20827 | C38: นายธารารัชช์ ดาววงษ์
A39: 5 | B39: 20863 | C39: นายกนกพล ทองแท่ง
A40: 6 | B40: 20864 | C40: นายจิรายุ บุศย์จันทร์
A41: 7 | B41: 20865 | C41: นายญาณวุฒิ คำโฮงค์
A42: 8 | B42: 20872 | C42: นายภาวัต ประสงค์ผล
A43: 9 | B43: 20907 | C43: นายศุภกรณ์ ดอกกุหลาบ
A44: 10 | B44: 22228 | C44: นายธนากร หวังวก
A45: 11 | B45: 20498 | C45: น.ส.ณัฏฐณิชา มีชัย
A46: 12 | B46: 20511 | C46: น.ส.สุธาวี โพธิ์ทอง
... A73: 39 | B73: 22722 | C73: น.ส.เมตตา นิ่มอนงค์
A74: โรงเรียนเตรียมอุดมศึกษาพัฒนาการ ปทุมธานี
A75: รายชื่อนักเรียน ปีการศึกษา 2569 ภาคเรียนที่ 1 ชั้น ม. 6ห้องที่ 3
A76: แผนการเรียนวิทยาศาสตร์-คณิตศาสตร์ คณะพัฒนาไทย (สีเขียว)
A77: วิชา..............................................................
A78: ครูที่ปรึกษา : 1.นางสาวณัฐธิดา เยาวลักษณ์โยธิน 2.นายนัฐวุฒิ สลางสิงห์
A79: ที่ | B79: เลขประจำตัว | C79: ชื่อ นามสกุล
A80: 1 | B80: 20777 | C80: นายกฤตกร พุ่มสาขา
A81: 2 | B81: 20824 | C81: นายณัฐวัฒน์ ราชรองเมือง
A82: 3 | B82: 20825 | C82: นายธนาคาร พรหมมัญ
A83: 4 | B83: 20826 | C83: นายธรเณศ แก้ววิเชียร
A84: 5 | B84: 20832 | C84: นายพีรากร หาสุนทรี
A85: 6 | B85: 20837 | C85: นายธนภัทร นามบุญศรี
A86: 7 | B86: 20870 | C86: นายพงศ์สวัส ทองกลม
A87: 8 | B87: 20871 | C87: นายพีรภัช แก้วประกอบ
A88: 9 | B88: 20878 | C88: นายสุเมธ โสภณสา
A89: 10 | B89: 22723 | C89: นายณัฐวุฒิ สาคร
A90: 11 | B90: 22724 | C90: นายรุจิกร วิมลมิ่ง
A91: 12 | B91: 22725 | C91: นายอภิสิทธิ์ ปรีชานุกูล
A92: 13 | B92: 23564 | C92: นายกฤชทร บรรยงค์ | L92: นายกนกพล บรรยงค์
A93: 14 | B93: 20466 | C93: น.ส.ศิวิภา งามระเบียบ
A94: 15 | B94: 20507 | C94: น.ส.ฤทัยรัตน์ ศรีอินคำ
A95: 16 | B95: 20535 | C95: น.ส.กันยากร ชูอินทร์
A96: 17 | B96: 20537 | C96: น.ส.จันทกานติ์ วิผาลา
A97: 18 | B97: 20579 | C97: น.ส.กัญญาวีร์ แก้วศรี
A98: 19 | B98: 20589 | C98: น.ส.ธัญญารัตน์ มุขขุนทด
A99: 20 | B99: 20670 | C99: น.ส.ณญาดา ธาดาประดับสกุล
A100: 21 | B100: 20710 | C100: น.ส.กนกพิชญ์ พฤษภา
A101: 22 | B101: 20714 | C101: น.ส.นภัสสร นามแสง
A102: 23 | B102: 20726 | C102: น.ส.ภริตา กุญชร
A103: 24 | B103: 20762 | C103: น.ส.ธนภัสสร บัวเจริญ
A104: 25 | B104: 20764 | C104: น.ส.ปรียาภรณ์ เทพวัลย์
... A121: 42 | B121: 24203 | C121: น.ส.ทิพากร สกุลดี
A122: โรงเรียนเตรียมอุดมศึกษาพัฒนาการ ปทุมธานี
A123: รายชื่อนักเรียน ปีการศึกษา 2569 ภาคเรียนที่ 1 ชั้น ม. 6ห้องที่ 4
A124: แผนการเรียนวิทยาศาสตร์-คณิตศาสตร์ คณะรักชาติ (สีแดง)
A125: วิชา..............................................................
A126: ครูที่ปรึกษา : 1.นางปวีณา เบ็ญจวรรณ 2. นายวัฒนา รุ่งศรี
A127: ที่ | B127: เลขประจำตัว | C127: ชื่อ นามสกุล
A128: 1 | B128: 20489 | C128: นายอนุวัตร์ เรืองรัมย์
A129: 2 | B129: 20517 | C129: นายกิตติพัฒน์ วงษาเหวก
A130: 3 | B130: 20654 | C130: นายณัฐพัฒน์ เกรียงเดชาชัย
A131: 4 | B131: 20736 | C131: นายชณาทิพย์ มีใหม่
A132: 5 | B132: 20738 | C132: นายณัฎฐชัย เตี่ยบัวแก้ว
A133: 6 | B133: 20866 | C133: นายณฐกร สุวรรณศรี
A134: 7 | B134: 20900 | C134: นายฐิธพล มารยาตร์
A135: 8 | B135: 20905 | C135: นายรัฐศาสตร์ ลุมพล
A136: 9 | B136: 22730 | C136: นายณัฐชนน ทันประโยชน์
A137: 10 | B137: 22731 | C137: นายณัฐภูมินทร์ จุลนิล
A138: 11 | B138: 22732 | C138: นายถิรชัย นาคมีศรี
A139: 12 | B139: 22733 | C139: นายอองละเงีย ปะเทื่อ
... A169: 42 | B169: 23567 | C169: น.ส.สริตา จงรัชตวิบูลย์
A170: โรงเรียนเตรียมอุดมศึกษาพัฒนาการ ปทุมธานี
A171: รายชื่อนักเรียน ปีการศึกษา 2569 ภาคเรียนที่ 1 ชั้น ม. 6ห้องที่ 5
A172: แผนการเรียนคณิตศาสตร์-ภาษาอังกฤษ คณะรักชาติ (สีแดง)
A173: วิชา..............................................................
A174: ครูที่ปรึกษา : 1.นายเจตนา แจ่มดี
A175: ที่ | B175: เลขประจำตัว | C175: ชื่อ นามสกุล
A176: 1 | B176: 20531 | C176: นายศฏิย กฤษฎารักษ์
A177: 2 | B177: 20573 | C177: นายศรัญยู ทัดภูธร
A178: 3 | B178: 20650 | C178: นายชนัทธา รูปสว่าง
A179: 4 | B179: 20652 | C179: นายณชพล เงินสว่าง
A180: 5 | B180: 20695 | C180: นายธนวัฒน์ โพธิ์สุรินทร์
...

Sheet ม.668
A1: โรงเรียนเตรียมอุดมศึกษาพัฒนาการ ปทุมธานี
A2: รายชื่อนักเรียน ปีการศึกษา 2568 ภาคเรียนที่ 2 ชั้น ม. 6 ห้องที่ 1
A3: แผนการเรียนวิทยาศาสตร์สำหรับวิศวกรรมศาสตร์ คณะใฝ่คุณธรรม (สีม่วง)
A4: วิชา..............................................................
A5: ครูที่ปรึกษา : 1.นายกิตติพงศ์ คุณกัณหา 2.นายธีรพงษ์ นามวงค์
A6: ที่ | B6: เลขประจำตัว | C6: ชื่อ นามสกุล
A7: 1 | B7: 19815 | C7: นายมานิตย์ เบญจมาศ
A8: 2 | B8: 19978 | C8: นายรังสิมันตุ์ ดะแปรกะเซ็ม
A9: 3 | B9: 20064 | C9: นายศุภเจตน์สฤษฎิ์ กรบุญไตรทศ
A10: 4 | B10: 20133 | C10: นายจุติณัฏฐ์ จันทร์ภักดิ์
A11: 5 | B11: 20137 | C11: นายธนาพัฒน์ หาแก้ว
A12: 6 | B12: 20142 | C12: นายภัทรชัย ไทยภักดี
A13: 7 | B13: 20178 | C13: นายถิรศักดิ์ อรรคชาติ
A14: 8 | B14: 20180 | C14: นายบุฌยกร โกมลสิรีหิรัญ
A15: 9 | B15: 20182 | C15: นายปรีดี ราชฉวาง
A16: 10 | B16: 20184 | C16: นายพลกฤต สุทธิรักษ์
A17: 11 | B17: 20185 | C17: นายพีรภาสร์ เชษฐปริญญา
A18: 12 | B18: 20186 | C18: นายภูริวิชช์ สุภา
... A37: 31 | B37: 22092 | C37: น.ส.จินตนา กุลมา
A38: 32 | B38: 22093 | C38: น.ส.เพชราภรณ์ ระวิงทอง | L38: น.ส.ธนพร ระวิงทอง
A39: 33 | B39: 22094 | C39: น.ส.สุมณฑา แดงเครือ
A40: 34 | B40: 22095 | C40: น.ส.โสรวัลย์ ทาเงิน
A41: โรงเรียนเตรียมอุดมศึกษาพัฒนาการ ปทุมธานี
A42: รายชื่อนักเรียน ปีการศึกษา 2568 ภาคเรียนที่ 2 ชั้น ม. 6 ห้องที่ 2
A43: แผนการเรียนวิทยาศาสตร์-คณิตศาสตร์ คณะพัฒนาไทย (สีเขียว)
A44: วิชา..............................................................
A45: ครูที่ปรึกษา : 1. นางสาวณัฐธิดา เยาวลักษณ์โยธิน
A46: ที่ | B46: เลขประจำตัว | C46: ชื่อ นามสกุล
A47: 1 | B47: 19932 | C47: นายคุณภัคร คุ้มบาง
A48: 2 | B48: 20061 | C48: นายภควัต รัตนานิติกุล
A49: 3 | B49: 20066 | C49: นายอภิชาติ นันท์บุญมา
A50: 4 | B50: 20092 | C50: นายจีรภัทร จิตรดี
A51: 5 | B51: 20095 | C51: นายณัฐภัทร สืบสาร
A52: 6 | B52: 20132 | C52: นายจิรภาส เจริญศิริ
A53: 7 | B53: 20146 | C53: นายสิรภัทร ทองประดับ
A54: 8 | B54: 20147 | C54: นายสุธีมนต์ คุ้มฤทธิ์
A55: 9 | B55: 22096 | C55: นายจิรสิน จงเทียมเท่า
A56: 10 | B56: 23562 | C56: นายธนกฤต เทียมเศวต
A57: 11 | B57: 19834 | C57: น.ส.ปาวิดา รอบเขตรัมย์
A58: 12 | B58: 19949 | C58: น.ส.กุลณัฐ กาญจนาธรรมรัฐ
... A85: 39 | B85: 22857 | C85: น.ส.นันท์มนัส รัตนโกศล
A86: โรงเรียนเตรียมอุดมศึกษาพัฒนาการ ปทุมธานี
A87: รายชื่อนักเรียน ปีการศึกษา 2568 ภาคเรียนที่ 2 ชั้น ม. 6 ห้องที่ 3
A88: แผนการเรียนวิทยาศาสตร์-คณิตศาสตร์ คณะเทิดกษัตริย์ (สีฟ้า)
A89: วิชา..............................................................
A90: ครูที่ปรึกษา : 1.นายนัฐวุฒิ สลางสิงห์
A91: ที่ | B91: เลขประจำตัว | C91: ชื่อ นามสกุล
A92: 1 | B92: 19823 | C92: นายอติวุทธ หมุดทอง
A93: 2 | B93: 19854 | C93: นายพลวรรธน์ นาคใจเสือ
A94: 3 | B94: 19860 | C94: นายสรวิศ ประสงค์
A95: 4 | B95: 19972 | C95: นายตั๊กวา โต๊ะยีบอ
A96: 5 | B96: 19982 | C96: นายศิริกร พุ่มทับทิม
A97: 6 | B97: 20013 | C97: นายณัฐพล อ้นกะโทก
A98: 7 | B98: 20105 | C98: นายอธิชา โคกสำรวย
A99: 8 | B99: 20140 | C99: นายนิรันดร์ รัตนวงศ์
A100: 9 | B100: 22109 | C100: นายปัญญาวุธ โสประโคน
A101: 10 | B101: 22110 | C101: นายพีรณัฐฎ์ บุญอิ่ม
A102: 11 | B102: 22111 | C102: นายมนัสวินทร์ บัวผัน
A103: 12 | B103: 19837 | C103: น.ส.ภาพิมล พระตลับ
... A110: 19 | B110: 20111 | C110: น.ส.ธนภร อู่วิเชียร
A111: 20 | B111: 20128 | C111: น.ส.กาญจน์ณัฏฐา บุญครอง | L111: น.ส.สุจิตรา บุญครอง
A112: 21 | B112: 20150 | C112: น.ส.กุลธิดา โรจนกสิกิจ
A113: 22 | B113: 20153 | C113: น.ส.จารุมน จะอื่อ
A114: 23 | B114: 20154 | C114: น.ส.ฐิวริญณ์ พุฒิกรเลิศศิริ
A115: 24 | B115: 20166 | C115: น.ส.มะลิ สุรา
A116: 25 | B116: 20170 | C116: น.ส.วิรัชยา แพทย์เจริญ
A117: 26 | B117: 20192 | C117: น.ส.กัญญาณัฐ อมตะกตัญญู
A118: 27 | B118: 20197 | C118: น.ส.ปาณิสรา จรุญวงษ์
A119: 28 | B119: 20198 | C119: น.ส.ปุญญธิดา วงษ์ชิต
A120: 29 | B120: 20200 | C120: น.ส.ภาวิศา น้อยเขียว
A121: 30 | B121: 20201 | C121: น.ส.เมษารัตน์ แสงบุตร
A122: 31 | B122: 22112 | C122: น.ส.กุลนันทน์ สง่าศรี
A123: 32 | B123: 22113 | C123: น.ส.ขวัญปภัสร์ มะณีบุญ
... A131: 40 | B131: 23563 | C131: น.ส.ทิพรัตน์ พิลาศรี
A132: โรงเรียนเตรียมอุดมศึกษาพัฒนาการ ปทุมธานี
A133: รายชื่อนักเรียน ปีการศึกษา 2568 ภาคเรียนที่ 2 ชั้น ม. 6 ห้องที่ 4
A134: แผนการเรียนวิทยาศาสตร์-คณิตศาสตร์ คณะผดุงศาสน์ (สีเหลือง)
A135: วิชา..............................................................
A136: ครูที่ปรึกษา : 1.นางปวีณา เบ็ญจวรรณ 2. นายวัฒนา รุ่งศรี
A137: ที่ | B137: เลขประจำตัว | C137: ชื่อ นามสกุล
A138: 1 | B138: 20019 | C138: นายนวพรรษ เพ็งโตวงศ์
A139: 2 | B139: 20026 | C139: นายเหิรฟ้า เดชดาษ
A140: 3 | B140: 20053 | C140: นายชัชพัสกร วงศ์ครุธ
A141: 4 | B141: 20058 | C141: นายธวัชชัย แสงศร
A142: 5 | B142: 20135 | C142: นายธนชาติ ภมรพล
A143: 6 | B143: 20143 | C143: นายภูพิมาน ปรางค์นอก
A144: 7 | B144: 20144 | C144: นายวงศธร น้อยฉวี
A145: 8 | B145: 20177 | C145: นายณัชฐภูมิ อ่อนโคกสูง
A146: 9 | B146: 20179 | C146: นายบวรกวินท์ กางทอง
A147: 10 | B147: 20183 | C147: นายพงษ์ธเนศ อริยชัยสิริกุล
A148: 11 | B148: 20214 | C148: นายศุภกร ศิระจินดา
A149: 12 | B149: 22121 | C149: นายธนพนธ์ ลีจันทึก
... A177: 40 | B177: 22131 | C177: น.ส.อรินรัตน์ เปล่งรัศมี
A178: โรงเรียนเตรียมอุดมศึกษาพัฒนาการ ปทุมธานี
A179: รายชื่อนักเรียน ปีการศึกษา 2568 ภาคเรียนที่ 2 ชั้น ม. 6 ห้องที่ 5
A180: แผนการเรียนคณิตศาสตร์-ภาษาอังกฤษ คณะพัฒนาไทย (สีเขียว)
A181: วิชา..............................................................
A182: ครูที่ปรึกษา : 1.นางสาวช่อทิพย์ พิมพ์สอน 2.นางสาวณภัทร์ชอร เหลืองประเสริฐ
A183: ที่ | B183: เลขประจำตัว | C183: ชื่อ นามสกุล
A184: 1 | B184: 19775 | C184: นายวงศธร ภูพวก
...

Sheet ม.3เดิม
A1: โรงเรียนเตรียมอุดมศึกษาพัฒนาการ ปทุมธานี
B2: รายชื่อนักเรียน ปีการศึกษา 2565 ภาคเรียนที่ 2 ชั้น ม. 3 ห้องที่ 1 คณะใฝ่คุณธรรม (สีม่วง)
A3: วิชา..............................................................
A4: ครูที่ปรึกษา : 1.นางสาวลดาวัลย์ ดวงจิตร 2. นางสาวกรชนก มูละผลารักษ์
A5: ที่ | B5: เลขประจำตัว | C5: ชื่อ นามสกุล
A6: 1 | B6: 19764 | C6: ด.ช.โกวิทย์ นิลาคัมม์
A7: 2 | B7: 19765 | C7: ด.ช.ญาณวุฒิ ทับทองคำ
A8: 3 | B8: 19767 | C8: ด.ช.ธนพล สีสังข์
A9: 4 | B9: 19768 | C9: ด.ช.ธีรเดช โพธิ์เตี้ย
A10: 5 | B10: 19770 | C10: ด.ช.เนติธร รอดรัศมี​
A11: 6 | B11: 19773 | C11: ด.ช.เมธัส ศรีละโคตร
A12: 7 | B12: 19774 | C12: ด.ช.รชานนท์ มะนาวหวาน
A13: 8 | B13: 19775 | C13: ด.ช.วงศธร ภูพวก
A14: 9 | B14: 19776 | C14: ด.ช.วทัญญู อยู่สุข
A15: 10 | B15: 19777 | C15: ด.ช.วราพล ไขแสง
A16: 11 | B16: 19778 | C16: ด.ช.วัชรพงศ์ จังโส
A17: 12 | B17: 19779 | C17: ด.ช.เวชพิสิฐ สงวนศรี
... A44: 39 | B44: 21596 | C44: ด.ญ.จารุวรรณ สะทองแก้ว
B45: โรงเรียนเตรียมอุดมศึกษาพัฒนาการ ปทุมธานี
B46: รายชื่อนักเรียน ปีการศึกษา 2565 ภาคเรียนที่ 2 ชั้น ม. 3 ห้องที่ 2 คณะผดุงศาสน์ (สีเหลือง)
A47: วิชา..............................................................
A48: ครูที่ปรึกษา : 1.นางสาวกัลยา วิทยาศิริกุล 2. นางสาวกรรณิการ์ นันบุญมา
A49: ที่ | B49: เลขประจำตัว | C49: ชื่อ นามสกุล
A50: 1 | B50: 19804 | C50: ด.ช.จิระศักดิ์ เนาวราช
A51: 2 | B51: 19805 | C51: ด.ช.ชยังกูร นาคงาม
A52: 3 | B52: 19806 | C52: ด.ช.ธราเทพ กิตติประมวกุล
A53: 4 | B53: 19807 | C53: ด.ช.ธีรภัทร นามวงษ์
A54: 5 | B54: 19808 | C54: ด.ช.ธีรภัทร วงษาลี
A55: 6 | B55: 19809 | C55: ด.ช.ธีรภาพ กรีสง่า
A56: 7 | B56: 19810 | C56: ด.ช.ธีรศักดิ์ มีกุล
A57: 8 | B57: 19811 | C57: ด.ช.นพรัตน์ สิริกานนท์
A58: 9 | B58: 19812 | C58: ด.ช.พงศกร สายมงคล
A59: 10 | B59: 19813 | C59: ด.ช.พีรพัฒน์ เฒอรัมย์
A60: 11 | B60: 19814 | C60: ด.ช.ภัทรายุทธ ประพลรัตนัง
A61: 12 | B61: 19815 | C61: ด.ช.มานิตย์ เบญจมาศ
... A91: 42 | B91: 20429 | C91: ด.ญ.ภัทร์นรินทร์ ผลัญชัย
B92: โรงเรียนเตรียมอุดมศึกษาพัฒนาการ ปทุมธานี
B93: รายชื่อนักเรียน ปีการศึกษา 2565 ภาคเรียนที่ 2 ชั้น ม. 3 ห้องที่ 3 คณะรักชาติ (สีแดง)
A94: วิชา..............................................................
A95: ครูที่ปรึกษา : 1.นายมานัส เดชไชย 2. นางสาวนิชาภัทร หอมทอง
A96: ที่ | B96: เลขประจำตัว | C96: ชื่อ นามสกุล
A97: 1 | B97: 19844 | C97: ด.ช.กิติภาพ คำใจ
A98: 2 | B98: 19845 | C98: ด.ช.ขิง
A99: 3 | B99: 19847 | C99: ด.ช.บวรพจน์ พิมพ์ศรี | M99: ณัฐพล
A100: 4 | B100: 19848 | C100: ด.ช.ธนากร วิเชียรดี
A101: 5 | B101: 19849 | C101: ด.ช.ธริช วจนะคุณากร
A102: 6 | B102: 19850 | C102: ด.ช.ธฤต ตั้งปรารถนา
A103: 7 | B103: 19851 | C103: ด.ช.ธัชกร โหรารัตน์
A104: 8 | B104: 19852 | C104: ด.ช.นรารักษ์ วงศษา
A105: 9 | B105: 19854 | C105: ด.ช.พลวรรธน์ นาคใจเสือ
A106: 10 | B106: 19855 | C106: ด.ช.เมธี บุญยั่นซื่อ
A107: 11 | B107: 19856 | C107: ด.ช.รัฐภูมิ สุวรรณสิงห์
A108: 12 | B108: 19858 | C108: ด.ช.รุจิรา ไตรวลาวัณย์
A109: 13 | B109: 19859 | C109: ด.ช.วิวัฒน์ ปานพิจิตร
A110: 14 | B110: 19860 | C110: ด.ช.สรวิศ ประสงค์
A111: 15 | B111: 21056 | C111: ด.ช.ชาคริต โพธิ์ทอง
... A134: 38 | B134: 21624 | C134: ด.ญ.พัฐสุดา อดทน
B135: โรงเรียนเตรียมอุดมศึกษาพัฒนาการ ปทุมธานี
B136: รายชื่อนักเรียน ปีการศึกษา 2565 ภาคเรียนที่ 2 ชั้น ม. 3 ห้องที่ 4 คณะพัฒนาไทย (สีเขียว)
A137: วิชา..............................................................
A138: ครูที่ปรึกษา : 1.นางสาวคำเพียง ยงจันทึก 2. นายศุภชัย แสงเพชร
A139: ที่ | B139: เลขประจำตัว | C139: ชื่อ นามสกุล
A140: 1 | B140: 19886 | C140: ด.ช.กฤติพงษ์ แสงศรี
A141: 2 | B141: 19887 | C141: ด.ช.จักรพันธ์ เปล่งสาคร
A142: 3 | B142: 19888 | C142: ด.ช.จิรายุ อ่อนสำลี
A143: 4 | B143: 19889 | C143: ด.ช.ณรงค์ศักดิ์ งามชีพ
A144: 5 | B144: 19890 | C144: ด.ช.ต้นภพ เรือนนาค
A145: 6 | B145: 19891 | C145: ด.ช.ปารมี จักรปร้อง
A146: 7 | B146: 19892 | C146: ด.ช.พรหมพิริยะ​ สุวรรณ​ทวี​ลาภ​
A147: 8 | B147: 19893 | C147: ด.ช.พีระภัทร หงษ์ศาลา
A148: 9 | B148: 19894 | C148: ด.ช.ภัทรพล อ่อนหิรัญ
A149: 10 | B149: 19895 | C149: ด.ช.เมธัส มีโค่ม
A150: 11 | B150: 19896 | C150: ด.ช.รัตติเชษฐ์ บุญประเสริฐ
A151: 12 | B151: 19897 | C151: ด.ช.รัตนชัย เฉลิมกลิ่น
... A181: 42 | B181: 21059 | C181: ด.ญ.พรพิมล ครุฑสังข์
B182: โรงเรียนเตรียมอุดมศึกษาพัฒนาการ ปทุมธานี
B183: รายชื่อนักเรียน ปีการศึกษา 2565 ภาคเรียนที่ 2 ชั้น ม. 3 ห้องที่ 5 คณะเทิดกษัตริย์ (สีฟ้า)
A184: วิชา..............................................................
A185: ครูที่ปรึกษา : 1.นางสาวจันท์ศจี หงส์สุนันท์ 2. นางสาวช่อทิพย์ พิมพ์สอน
A186: ที่ | B186: เลขประจำตัว | C186: ชื่อ นามสกุล
A187: 1 | B187: 19928 | C187: ด.ช.กรวิชญ์ แสนคำวงค์
A188: 2 | B188: 19929 | C188: ด.ช.กฤตยศ แสนใจวุฒิ
A189: 3 | B189: 19930 | C189: ด.ช.กษิดิศ อินทะนัก
A190: 4 | B190: 19931 | C190: ด.ช.เขตฐภูมิ ชัยภูมิ
A191: 5 | B191: 19932 | C191: ด.ช.คุณภัคร คุ้มบาง
A192: 6 | B192: 19934 | C192: ด.ช.เชษฐโชติศักดิ์ ณ ป้อมเพ็ชร์
A193: 7 | B193: 19935 | C193: ด.ช.นพรัตน์ พินิจษร
A194: 8 | B194: 19938 | C194: ด.ช.พายุพัด มำขุนทด
A195: 9 | B195: 19939 | C195: ด.ช.พีรวัฒน์ ศิริณพวัฒน์
A196: 10 | B196: 19940 | C196: ด.ช.ภาคภูมิ พ่วงครุธ
A197: 11 | B197: 19941 | C197: ด.ช.สมศักดิ์ แซ่ลิ้ม
A198: 12 | B198: 19942 | C198: ด.ช.สิทธิศักดิ์ ดอนวิจิตร
... A224: 38 | B224: 21060 | C224: ด.ญ.วรัชญา ทองสอน
B225: โรงเรียนเตรียมอุดมศึกษาพัฒนาการ ปทุมธานี
B226: รายชื่อนักเรียน ปีการศึกษา 2565 ภาคเรียนที่ 2 ชั้น ม. 3 ห้องที่ 6 คณะรักชาติ (สีแดง)
A227: วิชา..............................................................
A228: ครูที่ปรึกษา : 1.นางสาวชลธิชา จันสา 2. นางสาวกรรณิการ์ อินทร์นอก
A229: ที่ | B229: เลขประจำตัว | C229: ชื่อ นามสกุล
A230: 1 | B230: 19969 | C230: ด.ช.กัณฑ์อเนก สอนซ่อนกลิ่น
A231: 2 | B231: 19970 | C231: ด.ช.ชัยณรงค์ อัจฉริยะตระกูล
...

Sheet 1.+GPA-PR--2563_2-3- (1)
A1: เลขประจำตัวประชาชน | B1: คำนำหน้าชื่อ | C1: ชื่อ | D1: นามสกุล | F1: รหัสนักเรียน | G1: GPA | H1: GPA 70% | I1: ONET 30% | J1: GPAX | K1: PR | L1: ท. เรียน | M1: ท. ได้ | N1: ท. เฉลี่ย | O1: ค. เรียน | P1: ค. ได้ | Q1: ค. เฉลี่ย | R1: ว. เรียน | S1: ว. ได้ | T1: ว. เฉลี่ย | U1: ส. เรียน | V1: ส. ได้ | W1: ส. เฉลี่ย | X1: พ. เรียน | Y1: พ. ได้ | Z1: พ. เฉลี่ย | AA1: ศ. เรียน | AB1: ศ. ได้ | AC1: ศ. เฉลี่ย | AD1: ง. เรียน | AE1: ง. ได้ | AF1: ง. เฉลี่ย | AG1: อ. เรียน | AH1: อ. ได้ | AI1: อ. เฉลี่ย | AJ1: ชื่อ-นามสกุลบิดา | AK1: ชื่อ-นามสกุลมารดา | AL1: วันเกิดนักเรียน | AM1: ปีการศึกษา | AN1: ภาคเรียนที่ | AO1: ชั้น/ห้อง | AP1: เลขที่ | AQ1: อันดับที่ของห้อง | AR1: จำนวนนักเรียนทั้งห้อง | AS1: อันดับที่ของระดับ | AT1: จำนวนนักเรียนทั้งระดับ | AU1: วันที่จบการศึกษา | AV1: วันที่ออกจากโรงเรียน | AW1: เหตุที่ออก | AX1: ONET_1 | AY1: ONET_2 | AZ1: ONET_3 | BA1: ONET_4 | BB1: ONET_8 | BC1: คุณลักษณะ | BD1: อ่าน คิด วิเคราะห์ | BE1: กิจกรรม | BF1: โรงเรียนเดิม | BG1: จังหวัด
A2: 1-1005-01650-22-6 | B2: นาย | C2: กิตติชัย | D2: เครือสิงห์ | E2: กิตติชัย เครือสิงห์ | F2: 18016 | G2: 1.33 | K2: 99.38 | L2: 11 | M2: 11 | N2: 1.15 | O2: 13 | P2: 13 | Q2: 1.21 | R2: 12 | S2: 12 | T2: 1.1 | U2: 15 | V2: 15 | W2: 1.2 | X2: 6 | Y2: 6 | Z2: 1.58 | AA2: 6 | AB2: 6 | AC2: 1.62 | AD2: 9 | AE2: 9 | AF2: 1.91 | AG2: 10 | AH2: 10 | AI2: 1.07 | AJ2: นายประเสริฐ บทนอก | AK2: นางสาวกมลวรรณ เครือสิงห์ | AL2: 236589 | AM2: 2563 | AN2: 2 | AO2: ม.3/2 | AP2: 1 | AQ2: 1 | AR2: 32 | AS2: 1 | AT2: 404 | AU2: 242657 | AV2: 242657 | AW2: จบการศึกษาภาคบังคับ | BC2: ดี | BD2: ดี | BE2: ผ่าน | BF2: พระวิสุทธิวงส์ | BG2: ปทุมธานี
A3: 1-1037-03906-97-6 | B3: นาย | C3: อนรรฆ | D3: ยิ้มน้อย | E3: อนรรฆ ยิ้มน้อย | F3: 18085 | G3: 1.8 | I3: 0.49 | J3: 1.75 | K3: 99.88 | L3: 10 | M3: 10 | N3: 1.87 | O3: 11 | P3: 11 | Q3: 1.13 | R3: 10.5 | S3: 10.5 | T3: 1.5 | U3: 15 | V3: 15 | W3: 1.86 | X3: 6 | Y3: 6 | Z3: 2.54 | AA3: 6 | AB3: 6 | AC3: 2.41 | AD3: 9.5 | AE3: 9.5 | AF3: 2.1 | AG3: 11 | AH3: 11 | AI3: 1.43 | AJ3: นายอำพลศักดิ์ ยิ้มน้อย | AK3: นางอริศรา ผกายธรรม | AL3: 236685 | AM3: 2563 | AN3: 2 | AO3: ม.3/2 | AP3: 2 | AQ3: 1 | AR3: 32 | AS3: 1 | AT3: 404 | AU3: 242622 | AV3: 242622 | AW3: จบการศึกษาภาคบังคับ | AX3: 38 | AY3: 24 | AZ3: 22 | BB3: 34 | BC3: ดี | BD3: ดี | BE3: ผ่าน | BF3: วัดสามง่าม | BG3: กรุงเทพมหานคร
A4: 1-1394-00010-31-9 | B4: นาย | C4: ธันวา | D4: พุฒสุภาพ | E4: ธันวา พุฒสุภาพ | F4: 18209 | G4: 1.55 | I4: 0.53 | J4: 1.61 | K4: 99.63 | L4: 9 | M4: 9 | N4: 1.58 | O4: 14 | P4: 14 | Q4: 1.19 | R4: 10.5 | S4: 10.5 | T4: 1.3 | U4: 15 | V4: 15 | W4: 1.25 | X4: 6 | Y4: 6 | Z4: 2.12 | AA4: 6 | AB4: 6 | AC4: 1.87 | AD4: 5 | AE4: 5 | AF4: 2.3 | AG4: 14.5 | AH4: 14.5 | AI4: 1.55 | AJ4: นายสุวรรณ์ พุฒสุภาพ | AK4: นางสาวนิรันดร ศรีสถาน | AL4: 236659 | AM4: 2563 | AN4: 2 | AO4: ม.3/5 | AP4: 1 | AQ4: 1 | AR4: 37 | AS4: 1 | AT4: 404 | AU4: 242657 | AV4: 242657 | AW4: จบการศึกษาภาคบังคับ | AX4: 42 | AY4: 20 | AZ4: 30.5 | BB4: 36 | BC4: ดี | BD4: ดี | BE4: ผ่าน | BF4: วัดเสมียนนารี | BG4: กรุงเทพมหานคร
A5: 1-1007-03704-74-2 | B5: นาย | C5: ชยุตพล | D5: สำลีขาว | E5: ชยุตพล สำลีขาว | F5: 18298 | G5: 1.86 | K5: 99.38 | L5: 9 | M5: 9 | N5: 1.75 | O5: 14 | P5: 14 | Q5: 1.21 | R5: 16.5 | S5: 16.5 | T5: 1.63 | U5: 15 | V5: 15 | W5: 1.98 | X5: 6 | Y5: 6 | Z5: 2.83 | AA5: 6 | AB5: 6 | AC5: 2.79 | AD5: 5 | AE5: 5 | AF5: 2.5 | AG5: 10 | AH5: 10 | AI5: 1.82 | AJ5: นายผดุง สำลีขาว | AK5: นางอำไพ สำลีขาว | AL5: 236731 | AM5: 2563 | AN5: 2 | AO5: ม.3/7 | AP5: 1 | AQ5: 1 | AR5: 39 | AS5: 1 | AT5: 404 | AU5: 242657 | AV5: 242657 | AW5: จบการศึกษาภาคบังคับ | BC5: ดีเยี่ยม | BD5: ดี | BE5: ผ่าน | BF5: วัดคลองชัน | BG5: ปทุมธานี
A6: 1-4999-00441-10-3 | B6: นาย | C6: กฤษกร | D6: แซ่เฮ้ง | E6: กฤษกร แซ่เฮ้ง | F6: 18612 | G6: 1.79 | K6: 99.38 | L6: 11 | M6: 11 | N6: 1.27 | O6: 15 | P6: 15 | Q6: 1.18 | R6: 15 | S6: 15 | T6: 1.61 | U6: 15 | V6: 15 | W6: 1.75 | X6: 6 | Y6: 6 | Z6: 1.7 | AA6: 6 | AB6: 6 | AC6: 2.25 | AD6: 8.5 | AE6: 8.5 | AF6: 1.7 | AG6: 9 | AH6: 9 | AI6: 3.58 | AJ6: นายสมบูรณ์ แซ่เฮ้ง | AK6: นางสาววธิดา สุวรรณทอง | AL6: 236530 | AM6: 2563 | AN6: 2 | AO6: ม.3/1 | AP6: 1 | AQ6: 1 | AR6: 35 | AS6: 1 | AT6: 404 | AU6: 242657 | AV6: 242657 | AW6: จบการศึกษาภาคบังคับ | BC6: ดีเยี่ยม | BD6: ดี | BE6: ผ่าน | BF6: วงศ์ไพฑูรย์ | BG6: ปทุมธานี
A7: 1-1042-00479-91-2 | B7: นาย | C7: กันต์กวี | D7: แถมมุลตรี | E7: กันต์กวี แถมมุลตรี | F7: 18613 | G7: 2.78 | K7: 99.38 | L7: 11 | M7: 11 | N7: 2.72 | O7: 15 | P7: 15 | Q7: 2.13 | R7: 15 | S7: 15 | T7: 3.03 | U7: 15 | V7: 15 | W7: 3.05 | X7: 6 | Y7: 6 | Z7: 2.91 | AA7: 6 | AB7: 6 | AC7: 3.2 | AD7: 8.5 | AE7: 8.5 | AF7: 2.97 | AG7: 9 | AH7: 9 | AI7: 2.58 | AJ7: นายสุดใจ แถมมุลตรี | AK7: นางจันทร์จิรา ไกรประสิทธิ์ | AL7: 236932 | AM7: 2563 | AN7: 2 | AO7: ม.3/1 | AP7: 2 | AQ7: 1 | AR7: 35 | AS7: 1 | AT7: 404 | AU7: 242622 | AV7: 242622 | AW7: จบการศึกษาภาคบังคับ | BC7: ดีเยี่ยม | BD7: ดีเยี่ยม | BE7: ผ่าน | BF7: วัดราษฎร์ศรัทธาราม | BG7: ปทุมธานี
A8: 1-1397-00049-23-7 | B8: นาย | C8: กิตติพัศ | D8: อนันตกูล | E8: กิตติพัศ อนันตกูล | F8: 18615 | G8: 2.07 | K8: 99.38 | L8: 11 | M8: 11 | N8: 1.97 | O8: 15 | P8: 15 | Q8: 1.53 | R8: 15 | S8: 15 | T8: 2.18 | U8: 15 | V8: 15 | W8: 2.31 | X8: 6 | Y8: 6 | Z8: 2.37 | AA8: 6 | AB8: 6 | AC8: 2.83 | AD8: 8.5 | AE8: 8.5 | AF8: 2.17 | AG8: 9 | AH8: 9 | AI8: 1.41 | AJ8: นายคมกฤษ อนันตกูล | AK8: นางกานต์พิชชา แก้วฉาย | AL8: 237050 | AM8: 2563 | AN8: 2 | AO8: ม.3/1 | AP8: 3 | AQ8: 1 | AR8: 35 | AS8: 1 | AT8: 404 | AU8: 242622 | AV8: 242622 | AW8: จบการศึกษาภาคบังคับ | BC8: ดีเยี่ยม | BD8: ดี | BE8: ผ่าน | BF8: วัดราษฎร์ศรัทธาราม | BG8: ปทุมธานี
A9: 1-6799-00665-07-7 | B9: เด็กชาย | C9: จิตติพัฒน์ | D9: ทะสะภาค | E9: จิตติพัฒน์ ทะสะภาค | F9: 18616 | G9: 3.05 | K9: 99.38 | L9: 11 | M9: 11 | N9: 3.34 | O9: 15 | P9: 15 | Q9: 2.55 | R9: 15 | S9: 15 | T9: 2.85 | U9: 15 | V9: 15 | W9: 3.18 | X9: 6 | Y9: 6 | Z9: 3.16 | AA9: 6 | AB9: 6 | AC9: 3.5 | AD9: 8.5 | AE9: 8.5 | AF9: 3.44 | AG9: 9 | AH9: 9 | AI9: 2.75 | AJ9: นายสายันห์ ทะสะภาค | AK9: นางสาวจารุณี สอนศิริ | AL9: 237131 | AM9: 2563 | AN9: 2 | AO9: ม.3/1 | AP9: 4 | AQ9: 1 | AR9: 35 | AS9: 1 | AT9: 404 | AU9: 242622 | AV9: 242622 | AW9: จบการศึกษาภาคบังคับ | BC9: ดีเยี่ยม | BD9: ดีเยี่ยม | BE9: ผ่าน | BF9: วัดราษฎร์ศรัทธาราม | BG9: ปทุมธานี
A10: 1-1037-04054-32-9 | B10: นาย | C10: จิรภาส | D10: แก้วฉลาด | E10: จิรภาส แก้วฉลาด | F10: 18617 | G10: 2.61 | K10: 99.38 | L10: 11 | M10: 11 | N10: 2.15 | O10: 15 | P10: 15 | Q10: 2.35 | R10: 15 | S10: 15 | T10: 2.61 | U10: 15 | V10: 15 | W10: 2.6 | X10: 6 | Y10: 6 | Z10: 2.7 | AA10: 6 | AB10: 6 | AC10: 3.25 | AD10: 8.5 | AE10: 8.5 | AF10: 2.64 | AG10: 9 | AH10: 9 | AI10: 3 | AJ10: นายประภาส แก้วฉลาด | AK10: นางสาวลำไพพอน ไมคำ | AL10: 237038 | AM10: 2563 | AN10: 2 | AO10: ม.3/1 | AP10: 5 | AQ10: 1 | AR10: 35 | AS10: 1 | AT10: 404 | AU10: 242622 | AV10: 242622 | AW10: จบการศึกษาภาคบังคับ | BC10: ดีเยี่ยม | BD10: ดีเยี่ยม | BE10: ผ่าน | BF10: เตรียมบัณฑิต(บริบูรณ์ศิลป์ศึกษา) | BG10: ปทุมธานี
A11: 1-1389-00021-44-1 | B11: นาย | C11: เจษฎา | D11: ฝอยลามลวด | E11: เจษฎา ฝอยลามลวด | F11: 18618 | G11: 2.3 | K11: 99.38 | L11: 11 | M11: 11 | N11: 2.11 | O11: 15 | P11: 15 | Q11: 1.95 | R11: 15 | S11: 15 | T11: 2.4 | U11: 15 | V11: 15 | W11: 2.21 | X11: 6 | Y11: 6 | Z11: 2.29 | AA11: 6 | AB11: 6 | AC11: 2.79 | AD11: 8.5 | AE11: 8.5 | AF11: 2.26 | AG11: 9 | AH11: 9 | AI11: 2.83 | AJ11: นายกระจ่าง ฝอยลามลวด | AK11: นางปัทมา ฝอยลามลวด | AL11: 237029 | AM11: 2563 | AN11: 2 | AO11: ม.3/1 | AP11: 6 | AQ11: 1 | AR11: 35 | AS11: 1 | AT11: 404 | AU11: 242622 | AV11: 242622 | AW11: จบการศึกษาภาคบังคับ | BC11: ดีเยี่ยม | BD11: ดี | BE11: ผ่าน | BF11: วัดเกตุประภา | BG11: ปทุมธานี
A12: 1-1020-03754-75-7 | B12: นาย | C12: ชยางกูร | D12: ม่วงจีน | E12: ชยางกูร ม่วงจีน | F12: 18619 | G12: 2.92 | K12: 99.38 | L12: 11 | M12: 11 | N12: 3.02 | O12: 15 | P12: 15 | Q12: 2.6 | R12: 15 | S12: 15 | T12: 2.98 | U12: 15 | V12: 15 | W12: 2.85 | X12: 6 | Y12: 6 | Z12: 3.16 | AA12: 6 | AB12: 6 | AC12: 3.29 | AD12: 8.5 | AE12: 8.5 | AF12: 3.23 | AG12: 9 | AH12: 9 | AI12: 2.58 | AJ12: นายณัฐพร ม่วงจีน | AK12: นางสาวกฤศฎา เอี่ยมสะอาด | AL12: 237073 | AM12: 2563 | AN12: 2 | AO12: ม.3/1 | AP12: 7 | AQ12: 1 | AR12: 35 | AS12: 1 | AT12: 404 | AU12: 242622 | AV12: 242622 | AW12: จบการศึกษาภาคบังคับ | BC12: ดีเยี่ยม | BD12: ดีเยี่ยม | BE12: ผ่าน | BF12: วัดคลองชัน | BG12: ปทุมธานี
A13: 1-6699-00556-62-6 | B13: นาย | C13: ชัยนันท์ | D13: ศรีโสดา | E13: ชัยนันท์ ศรีโสดา | F13: 18620 | G13: 1.93 | K13: 99.38 | L13: 11 | M13: 11 | N13: 1.4 | O13: 15 | P13: 15 | Q13: 2.08 | R13: 15 | S13: 15 | T13: 2.15 | U13: 15 | V13: 15 | W13: 1.81 | X13: 6 | Y13: 6 | Z13: 1.91 | AA13: 6 | AB13: 6 | AC13: 2.41 | AD13: 8.5 | AE13: 8.5 | AF13: 1.88 | AG13: 9 | AH13: 9 | AI13: 1.58 | AJ13: นายแวว ศรีโสดา | AK13: นางสาวสาคร คุมสุข | AL13: 236919 | AM13: 2563 | AN13: 2 | AO13: ม.3/1 | AP13: 8 | AQ13: 1 | AR13: 35 | AS13: 1 | AT13: 404 | AU13: 242622 | AV13: 242622 | AW13: จบการศึกษาภาคบังคับ | BC13: ดีเยี่ยม | BD13: ดี | BE13: ผ่าน | BF13: วัดสุวรรณ | BG13: ปทุมธานี
A14: 1-1397-00047-83-8 | B14: นาย | C14: ฐปนวัฒน์ | D14: ก๋าอิน | E14: ฐปนวัฒน์ ก๋าอิน | F14: 18621 | G14: 1.88 | K14: 99.38 | L14: 11 | M14: 11 | N14: 2.09 | O14: 15 | P14: 15 | Q14: 1.31 | R14: 15 | S14: 15 | T14: 1.88 | U14: 15 | V14: 15 | W14: 2.06 | X14: 6 | Y14: 6 | Z14: 2.37 | AA14: 6 | AB14: 6 | AC14: 2.33 | AD14: 8.5 | AE14: 8.5 | AF14: 1.88 | AG14: 9 | AH14: 9 | AI14: 1.25 | AJ14: นายวิทยา ก๋าอิน | AK14: นางอุบลลักษณ์ ก๋าอิน | AL14: 237004 | AM14: 2563 | AN14: 2 | AO14: ม.3/1 | AP14: 9 | AQ14: 1 | AR14: 35 | AS14: 1 | AT14: 404 | AU14: 242657 | AV14: 242657 | AW14: จบการศึกษาภาคบังคับ | BC14: ดีเยี่ยม | BD14: ดี | BE14: ผ่าน | BF14: ผ่องสุวรรณวิทยา | BG14: ปทุมธานี
A15: 1-1004-01307-47-3 | B15: นาย | C15: ฐพันธ์ปภพ | D15: ลับสันเทียะ | E15: ฐพันธ์ปภพ ลับสันเทียะ | F15: 18622 | G15: 2.08 | K15: 99.38 | L15: 11 | M15: 11 | N15: 1.47 | O15: 15 | P15: 15 | Q15: 2.85 | R15: 15 | S15: 15 | T15: 2.01 | U15: 15 | V15: 15 | W15: 1.8 | X15: 6 | Y15: 6 | Z15: 2.45 | AA15: 6 | AB15: 6 | AC15: 2.75 | AD15: 8.5 | AE15: 8.5 | AF15: 1.91 | AG15: 9 | AH15: 9 | AI15: 1.5 | AJ15: นายสมศักดิ์ ลับสันเทียะ | AK15: นางสาวอรศรี หนูเจ้ย | AL15: 237046 | AM15: 2563 | AN15: 2 | AO15: ม.3/1 | AP15: 10 | AQ15: 1 | AR15: 35 | AS15: 1 | AT15: 404 | AU15: 242622 | AV15: 242622 | AW15: จบการศึกษาภาคบังคับ | BC15: ดีเยี่ยม | BD15: ดี | BE15: ผ่าน | BF15: สหราษฏร์บำรุง | BG15: ปทุมธานี
A16: 1-1389-00019-08-0 | B16: นาย | C16: ณภัทร | D16: แฟงสุวรรณ | E16: ณภัทร แฟงสุวรรณ | F16: 18623 | G16: 1.29 | K16: 99.38 | L16: 11 | M16: 9.5 | N16: 1.31 | O16: 15 | P16: 5 | Q16: 0.46 | R16: 15 | S16: 10 | T16: 1.16 | U16: 15 | V16: 13 | W16: 1.66 | X16: 6 | Y16: 5.5 | Z16: 2.08 | AA16: 6 | AB16: 4.5 | AC16: 1.62 | AD16: 7.5 | AE16: 7.5 | AF16: 1.6 | AG16: 9 | AH16: 7.5 | AI16: 0.91 | AJ16: นายไพศาล แฟงสุวรรณ | AK16: นางสาวเสาวลักษณ์ บุญช่วย | AL16: 236850 | AM16: 2563 | AN16: 2 | AO16: ม.3/1 | AP16: 11 | AQ16: 1 | AR16: 35 | AS16: 1 | AT16: 404 | BC16: ดี | BD16: ดี | BE16: ผ่าน | BF16: วัดธัญญะผล | BG16: ปทุมธานี
A17: 1-1043-00944-88-9 | B17: เด็กชาย | C17: ณัฏฐนันท์ | D17: อุทัยพจน์ | E17: ณัฏฐนันท์ อุทัยพจน์ | F17: 18624 | G17: 1.96 | K17: 99.38 | L17: 11 | M17: 11 | N17: 1.4 | O17: 15 | P17: 15 | Q17: 1.4 | R17: 15 | S17: 15 | T17: 2.06 | U17: 15 | V17: 15 | W17: 2.3 | X17: 6 | Y17: 6 | Z17: 2.33 | AA17: 6 | AB17: 6 | AC17: 2.66 | AD17: 8.5 | AE17: 8.5 | AF17: 2.41 | AG17: 9 | AH17: 9 | AI17: 1.5 | AJ17: นายมงคล อุทัยพจน์ | AK17: นางยศวรรธน์ อุทัยพจน์ | AL17: 237221 | AM17: 2563 | AN17: 2 | AO17: ม.3/1 | AP17: 12 | AQ17: 1 | AR17: 35 | AS17: 1 | AT17: 404 | AU17: 242622 | AV17: 242622 | AW17: จบการศึกษาภาคบังคับ | BC17: ดีเยี่ยม | BD17: ดี | BE17: ผ่าน | BF17: พระวิสุทธิวงส์ | BG17: ปทุมธานี
A18: 1-1037-04095-58-1 | B18: เด็กชาย | C18: ธนบดี | D18: เบ๊ยัง | E18: ธนบดี เบ๊ยัง | F18: 18625 | G18: 2.01 | K18: 99.38 | L18: 11 | M18: 11 | N18: 1.63 | O18: 15 | P18: 15 | Q18: 1.83 | R18: 15 | S18: 15 | T18: 1.88 | U18: 15 | V18: 15 | W18: 2.3 | X18: 6 | Y18: 6 | Z18: 2.37 | AA18: 6 | AB18: 6 | AC18: 2.83 | AD18: 8.5 | AE18: 8.5 | AF18: 1.82 | AG18: 9 | AH18: 9 | AI18: 1.75 | AJ18: นายภคพล เบ๊ยัง | AK18: นางสาวภคมน การวิธี | AL18: 237201 | AM18: 2563 | AN18: 2 | AO18: ม.3/1 | AP18: 13 | AQ18: 1 | AR18: 35 | AS18: 1 | AT18: 404 | AU18: 242622 | AV18: 242622 | AW18: จบการศึกษาภาคบังคับ | BC18: ดีเยี่ยม | BD18: ดี | BE18: ผ่าน | BF18: จินดานุกูล | BG18: กรุงเทพมหานคร
A19: 1-1042-00519-15-9 | B19: เด็กชาย | C19: ธนพล | D19: แจ่มจำรัส | E19: ธนพล แจ่มจำรัส | F19: 18626 | G19: 2.16 | K19: 99.38 | L19: 11 | M19: 11 | N19: 1.93 | O19: 15 | P19: 15 | Q19: 2.21 | R19: 15 | S19: 15 | T19: 2.16 | U19: 15 | V19: 15 | W19: 2.31 | X19: 6 | Y19: 6 | Z19: 2.2 | AA19: 6 | AB19: 6 | AC19: 2.62 | AD19: 8.5 | AE19: 8.5 | AF19: 2.14 | AG19: 9 | AH19: 9 | AI19: 1.83 | AJ19: นายธีระ แจ่มจำรัส | AK19: นางสาววิลัยพร ขำสอาด | AL19: 237172 | AM19: 2563 | AN19: 2 | AO19: ม.3/1 | AP19: 14 | AQ19: 1 | AR19: 35 | AS19: 1 | AT19: 404 | AU19: 242622 | AV19: 242622 | AW19: จบการศึกษาภาคบังคับ | BC19: ดีเยี่ยม | BD19: ดี | BE19: ผ่าน | BF19: ปิยวัฒนศาสตร์ | BG19: ปทุมธานี
A20: 1-1389-00019-67-5 | B20: นาย | C20: ธนัตถ์ | D20: เล็กน้อยวงค์ | E20: ธนัตถ์ เล็กน้อยวงค์ | F20: 18627 | G20: 1.42 | K20: 99.38 | L20: 11 | M20: 11 | N20: 1.2 | O20: 15 | P20: 15 | Q20: 1.05 | R20: 15 | S20: 15 | T20: 1.43 | U20: 15 | V20: 15 | W20: 1.5 | X20: 6 | Y20: 6 | Z20: 1.79 | AA20: 6 | AB20: 6 | AC20: 1.83 | AD20: 8.5 | AE20: 8.5 | AF20: 1.47 | AG20: 9 | AH20: 9 | AI20: 1.16 | AJ20: นายธีระศักดิ์ รักธรรม | AK20: นางสาวพรทิพย์ เล็กน้อยวงค์ | AL20: 236898 | AM20: 2563 | AN20: 2 | AO20: ม.3/1 | AP20: 15 | AQ20: 1 | AR20: 35 | AS20: 1 | AT20: 404 | AU20: 242657 | AV20: 242657 | AW20: จบการศึกษาภาคบังคับ | BC20: ดี | BD20: ดี | BE20: ผ่าน | BF20: เจริญดีวิทยา | BG20: ปทุมธานี
A21: 1-1005-01654-68-0 | B21: นาย | C21: ปวริศ | D21: เปรมภักตร์ | E21: ปวริศ เปรมภักตร์ | F21: 18630 | G21: 3.23 | K21: 99.38 | L21: 11 | M21: 11 | N21: 3.47 | O21: 15 | P21: 15 | Q21: 2.76 | R21: 15 | S21: 15 | T21: 3.41 | U21: 15 | V21: 15 | W21: 3.43 | X21: 6 | Y21: 6 | Z21: 3.25 | AA21: 6 | AB21: 6 | AC21: 3.45 | AD21: 8.5 | AE21: 8.5 | AF21: 3 | AG21: 9 | AH21: 9 | AI21: 3.08 | AJ21: นายฐานพัฒน์ เปรมภักตร์ | AK21: นางสาวปรัตน์ดา สุรทรวาทิน | AL21: 236740 | AM21: 2563 | AN21: 2 | AO21: ม.3/1 | AP21: 16 | AQ21: 1 | AR21: 35 | AS21: 1 | AT21: 404 | AU21: 242622 | AV21: 242622 | AW21: จบการศึกษาภาคบังคับ | BC21: ดีเยี่ยม | BD21: ดีเยี่ยม | BE21: ผ่าน | BF21: โสมาภาพัฒนา | BG21: กรุงเทพมหานคร
A22: 1-1299-01982-94-1 | B22: เด็กชาย | C22: พัทธ์ | D22: วันชัย | E22: พัทธ์ วันชัย | F22: 18631 | G22: 2.07 | K22: 99.38 | L22: 11 | M22: 11 | N22: 2.06 | O22: 15 | P22: 15 | Q22: 1.93 | R22: 15 | S22: 15 | T22: 2.11 | U22: 15 | V22: 15 | W22: 2.08 | X22: 6 | Y22: 6 | Z22: 1.87 | AA22: 6 | AB22: 6 | AC22: 2.62 | AD22: 8.5 | AE22: 8.5 | AF22: 2.5 | AG22: 9 | AH22: 9 | AI22: 1.58 | AJ22: นายมานะ เฉยศรีเทพ | AK22: นางสาวบี วันชัย | AL22: 237134 | AM22: 2563 | AN22: 2 | AO22: ม.3/1 | AP22: 17 | AQ22: 1 | AR22: 35 | AS22: 1 | AT22: 404 | AU22: 242657 | AV22: 242657 | AW22: จบการศึกษาภาคบังคับ | BC22: ดีเยี่ยม | BD22: ดี | BE22: ผ่าน | BF22: ซอยแอนเน็กซ์(กาญจนาภิเษก ๒) | BG22: กรุงเทพมหานคร
A23: 1-7498-00401-49-2 | B23: นาย | C23: พีระพนธ์ | D23: ปะวะโพตะโก | E23: พีระพนธ์ ปะวะโพตะโก | F23: 18632 | G23: 1.99 | K23: 99.38 | L23: 11 | M23: 11 | N23: 1.88 | O23: 15 | P23: 15 | Q23: 1.45 | R23: 15 | S23: 15 | T23: 2.06 | U23: 15 | V23: 15 | W23: 2.15 | X23: 6 | Y23: 6 | Z23: 2.16 | AA23: 6 | AB23: 6 | AC23: 2.45 | AD23: 8.5 | AE23: 8.5 | AF23: 2.38 | AG23: 9 | AH23: 9 | AI23: 1.5 | AJ23: นายประสิทธิ์ ปะวะโพตะโก | AK23: นางสาวคำใหม่ รัตนศรี | AL23: 237048 | AM23: 2563 | AN23: 2 | AO23: ม.3/1 | AP23: 18 | AQ23: 1 | AR23: 35 | AS23: 1 | AT23: 404 | AU23: 242657 | AV23: 242657 | AW23: จบการศึกษาภาคบังคับ | BC23: ดีเยี่ยม | BD23: ดี | BE23: ผ่าน | BF23: วัดเกตุประภา | BG23: ปทุมธานี
A24: 1-1042-00490-70-3 | B24: นาย | C24: ภาณุวิชญ์ | D24: มุขขันธ์ | E24: ภาณุวิชญ์ มุขขันธ์ | F24: 18633 | G24: 2.59 | K24: 99.38 | L24: 11 | M24: 11 | N24: 2.86 | O24: 15 | P24: 15 | Q24: 2 | R24: 15 | S24: 15 | T24: 2.58 | U24: 15 | V24: 15 | W24: 2.68 | X24: 6 | Y24: 6 | Z24: 2.95 | AA24: 6 | AB24: 6 | AC24: 2.83 | AD24: 8.5 | AE24: 8.5 | AF24: 2.82 | AG24: 9 | AH24: 9 | AI24: 2.33 | AJ24: นายจักรี มุขขันธ์ | AK24: นางสาวอัญชัญ ฟ้อนพันธ์ | AL24: 236985 | AM24: 2563 | AN24: 2 | AO24: ม.3/1 | AP24: 19 | AQ24: 1 | AR24: 35 | AS24: 1 | AT24: 404 | AU24: 242622 | AV24: 242622 | AW24: จบการศึกษาภาคบังคับ | BC24: ดีเยี่ยม | BD24: ดีเยี่ยม | BE24: ผ่าน | BF24: ประเทืองทิพย์วิทยา | BG24: กรุงเทพมหานคร
A25: 1-1034-00108-23-2 | B25: เด็กชาย | C25: ภูมิพัฒน์ | D25: กฤษฏิ์ชยานนท์ | E25: ภูมิพัฒน์ กฤษฏิ์ชยานนท์ | F25: 18634 | G25: 2.09 | K25: 99.38 | L25: 11 | M25: 11 | N25: 1.93 | O25: 15 | P25: 15 | Q25: 2.33 | R25: 15 | S25: 15 | T25: 2.15 | U25: 15 | V25: 15 | W25: 2.18 | X25: 6 | Y25: 6 | Z25: 2.04 | AA25: 6 | AB25: 6 | AC25: 2.5 | AD25: 8.5 | AE25: 8.5 | AF25: 1.85 | AG25: 9 | AH25: 9 | AI25: 1.58 | AJ25: นายธวัชชัย สวนโคกกลาง | AK25: นางสาวนัท์นภัส กฤษฏิ์ชยานนท์ | AL25: 237234 | AM25: 2563 | AN25: 2 | AO25: ม.3/1 | AP25: 20 | AQ25: 1 | AR25: 35 | AS25: 1 | AT25: 404 | AU25: 242657 | AV25: 242657 | AW25: จบการศึกษาภาคบังคับ | BC25: ดีเยี่ยม | BD25: ดี | BE25: ผ่าน | BF25: ปิยวัฒนศาสตร์ | BG25: ปทุมธานี
A26: 1-1398-00108-39-1 | B26: เด็กชาย | C26: มงคล | D26: งามวงษ์ | E26: มงคล งามวงษ์ | F26: 18635 | G26: 2.67 | K26: 99.38 | L26: 11 | M26: 11 | N26: 2.93 | O26: 15 | P26: 15 | Q26: 1.96 | R26: 15 | S26: 15 | T26: 2.66 | U26: 15 | V26: 15 | W26: 2.78 | X26: 6 | Y26: 6 | Z26: 2.75 | AA26: 6 | AB26: 6 | AC26: 3.2 | AD26: 8.5 | AE26: 8.5 | AF26: 3.05 | AG26: 9 | AH26: 9 | AI26: 2.33 | AJ26: นายประภาส งามวงษ์ | AK26: นางสาวเดือน คล้านบุญมี | AL26: 237175 | AM26: 2563 | AN26: 2 | AO26: ม.3/1 | AP26: 21 | AQ26: 1 | AR26: 35 | AS26: 1 | AT26: 404 | AU26: 242622 | AV26: 242622 | AW26: จบการศึกษาภาคบังคับ | BC26: ดีเยี่ยม | BD26: ดีเยี่ยม | BE26: ผ่าน | BF26: สหราษฎร์บำรุง | BG26: ปทุมธานี
A27: 1-2705-01106-90-8 | B27: นาย | C27: รัชพล | D27: ฟองฤทธิ์ | E27: รัชพล ฟองฤทธิ์ | F27: 18636 | G27: 2.26 | K27: 99.38 | L27: 11 | M27: 11 | N27: 1.54 | O27: 15 | P27: 15 | Q27: 2.18 | R27: 15 | S27: 15 | T27: 2.25 | U27: 15 | V27: 15 | W27: 2.33 | X27: 6 | Y27: 6 | Z27: 2.91 | AA27: 6 | AB27: 6 | AC27: 3 | AD27: 8.5 | AE27: 8.5 | AF27: 2.73 | AG27: 9 | AH27: 9 | AI27: 1.58 | AJ27: นายสมศักดิ์ ฟองฤทธิ์ | AK27: นางสาวพรพรรณ ชังฟอก | AL27: 236825 | AM27: 2563 | AN27: 2 | AO27: ม.3/1 | AP27: 22 | AQ27: 1 | AR27: 35 | AS27: 1 | AT27: 404 | AU27: 242622 | AV27: 242622 | AW27: จบการศึกษาภาคบังคับ | BC27: ดีเยี่ยม | BD27: ดี | BE27: ผ่าน | BF27: วัดกลางคลองสี่ | BG27: ปทุมธานี
A28: 1-3499-01376-51-9 | B28: นาย | C28: รัฐธีร์ | D28: วิริยะพัฒนศิริ | E28: รัฐธีร์ วิริยะพัฒนศิริ | F28: 18637 | G28: 2.62 | K28: 99.38 | L28: 11 | M28: 11 | N28: 2.22 | O28: 15 | P28: 15 | Q28: 2.71 | R28: 15 | S28: 15 | T28: 2.65 | U28: 15 | V28: 15 | W28: 2.93 | X28: 6 | Y28: 6 | Z28: 2.75 | AA28: 6 | AB28: 6 | AC28: 3.04 | AD28: 8.5 | AE28: 8.5 | AF28: 2.67 | AG28: 9 | AH28: 9 | AI28: 2 | AJ28: นายภาณุวัฒน์ วิริยะพัฒนศิริ | AK28: นางสาววิยะดา ป้องญาติ | AL28: 236932 | AM28: 2563 | AN28: 2 | AO28: ม.3/1 | AP28: 23 | AQ28: 1 | AR28: 35 | AS28: 1 | AT28: 404 | AU28: 242622 | AV28: 242622 | AW28: จบการศึกษาภาคบังคับ | BC28: ดีเยี่ยม | BD28: ดี | BE28: ผ่าน | BF28: จุฑารัตน์วิทยา | BG28: ปทุมธานี
... A41: 1-1029-00090-21-8 | B41: เด็กชาย | C41: ชนะภูมิ | D41: ทองคำวรรณ | E41: ชนะภูมิ ทองคำวรรณ | F41: 18655 | G41: 1.74 | K41: 99.38 | L41: 11 | M41: 11 | N41: 1.11 | O41: 15 | P41: 15 | Q41: 1.38 | R41: 15 | S41: 15 | T41: 1.8 | U41: 15 | V41: 15 | W41: 1.86 | X41: 6 | Y41: 6 | Z41: 1.87 | AA41: 6 | AB41: 6 | AC41: 2.7 | AD41: 8.5 | AE41: 8.5 | AF41: 1.7 | AG41: 9 | AH41: 9 | AI41: 1.75 | AJ41: นายกิตติศักดิ์ สืบสวน | AK41: นางสาวปราณีตา ทองคำวรรณ | AL41: 237106 | AM41: 2563 | AN41: 2 | AO41: ม.3/2 | AP41: 4 | AQ41: 1 | AR41: 32 | AS41: 1 | AT41: 404 | AU41: 242622 | AV41: 242622 | AW41: จบการศึกษาภาคบังคับ | BC41: ดี | BD41: ดี | BE41: ผ่าน | BF41: วัดกลางคลองสี่ | BG41: ปทุมธานี
A42: 1-1037-04005-21-2 | B42: นาย | C42: ชรินทร์ | D42: ยะสุตา | E42: ชรินทร์ ยะสุตา | F42: 18656 | G42: 1.7 | K42: 99.38 | L42: 11 | M42: 9.5 | N42: 1.18 | O42: 13.5 | P42: 12.5 | Q42: 1.24 | R42: 15 | S42: 12 | T42: 1.75 | U42: 15 | V42: 14 | W42: 1.48 | X42: 6 | Y42: 6 | Z42: 2.16 | AA42: 6 | AB42: 5 | AC42: 2.04 | AD42: 8.5 | AE42: 8.5 | AF42: 2 | AG42: 9 | AH42: 9 | AI42: 2.08 | AJ42: นายนรินทร์ ยะสุตา | AK42: นางจิราพรรณ ยะสุตา | AL42: 236875 | AM42: 2563 | AN42: 2 | AO42: ม.3/2 | AP42: 5 | AQ42: 1 | AR42: 32 | AS42: 1 | AT42: 404 | BC42: ดี | BD42: ดี | BE42: ผ่าน | BF42: เฟื่องฟ้าวิทยา | BG42: ปทุมธานี
A43: 1-1010-00135-40-1 | B43: นาย | C43: ฌานยุต | D43: สอนลี | E43: ฌานยุต สอนลี | F43: 18657 | G43: 3.51 | K43: 99.38 | L43: 11 | M43: 11 | N43: 3.72 | O43: 15 | P43: 15 | Q43: 3.66 | R43: 15 | S43: 15 | T43: 3.66 | U43: 15 | V43: 15 | W43: 3.3 | X43: 6 | Y43: 6 | Z43: 3.5 | AA43: 6 | AB43: 6 | AC43: 3.7 | AD43: 8.5 | AE43: 8.5 | AF43: 3.7 | AG43: 9 | AH43: 9 | AI43: 2.83 | AJ43: นายทศพร ดำรงศักดิ์ | AK43: นางสาวณภัทรกาญจน์ สอนลี | AL43: 237058 | AM43: 2563 | AN43: 2 | AO43: ม.3/2 | AP43: 6 | AQ43: 1 | AR43: 32 | AS43: 1 | AT43: 404 | AU43: 242622 | AV43: 242622 | AW43: จบการศึกษาภาคบังคับ | BC43: ดีเยี่ยม | BD43: ดีเยี่ยม | BE43: ผ่าน | BF43: มีนบุรีศึกษา | BG43: กรุงเทพมหานคร
A44: 1-1396-00354-76-3 | B44: นาย | C44: ณัฐพงษ์ | D44: เศษสามารถ | E44: ณัฐพงษ์ เศษสามารถ | F44: 18659 | G44: 1.33 | K44: 99.38 | L44: 11 | M44: 9.5 | N44: 1.27 | O44: 15 | P44: 12.5 | Q44: 0.88 | R44: 15 | S44: 12 | T44: 1.11 | U44: 15 | V44: 14.5 | W44: 1.4 | X44: 6 | Y44: 6 | Z44: 2.2 | AA44: 6 | AB44: 5.5 | AC44: 1.54 | AD44: 8.5 | AE44: 7 | AF44: 1.7 | AG44: 9 | AH44: 6 | AI44: 0.83 | AJ44: นายอุทัย เศษสามารถ | AK44: นางสาวพัฒนา ศรีชมภู | AL44: 237078 | AM44: 2563 | AN44: 2 | AO44: ม.3/2 | AP44: 7 | AQ44: 1 | AR44: 32 | AS44: 1 | AT44: 404 | BC44: ดี | BD44: ดี | BE44: ผ่าน | BF44: วัดเกิดการอุดม | BG44: ปทุมธานี
A45: 1-1397-00048-02-8 | B45: นาย | C45: ธนกฤต | D45: นครศรี | E45: ธนกฤต นครศรี | F45: 18662 | G45: 3.13 | K45: 99.38 | L45: 11 | M45: 11 | N45: 3.22 | O45: 15 | P45: 15 | Q45: 3.38 | R45: 15 | S45: 15 | T45: 3.28 | U45: 15 | V45: 15 | W45: 2.83 | X45: 6 | Y45: 6 | Z45: 3.41 | AA45: 6 | AB45: 6 | AC45: 3.45 | AD45: 8.5 | AE45: 8.5 | AF45: 3.23 | AG45: 9 | AH45: 9 | AI45: 2.25 | AJ45: นายประชัญ นครศรี | AK45: นางสาวกาญจนา สถิตสุข | AL45: 237008 | AM45: 2563 | AN45: 2 | AO45: ม.3/2 | AP45: 8 | AQ45: 1 | AR45: 32 | AS45: 1 | AT45: 404 | AU45: 242622 | AV45: 242622 | AW45: จบการศึกษาภาคบังคับ | BC45: ดีเยี่ยม | BD45: ดีเยี่ยม | BE45: ผ่าน | BF45: ชุมชนเลิศพินิจพิทยาคม | BG45: ปทุมธานี
A46: 1-1042-00514-78-5 | B46: เด็กชาย | C46: ปฐมพร | D46: อุ่มวงศ์ | E46: ปฐมพร อุ่มวงศ์ | F46: 18663 | G46: 1.76 | K46: 99.38 | L46: 11 | M46: 11 | N46: 1.7 | O46: 15 | P46: 15 | Q46: 1.43 | R46: 15 | S46: 15 | T46: 1.48 | U46: 15 | V46: 15 | W46: 1.83 | X46: 6 | Y46: 6 | Z46: 2.16 | AA46: 6 | AB46: 6 | AC46: 2.37 | AD46: 8.5 | AE46: 8.5 | AF46: 2.11 | AG46: 9 | AH46: 9 | AI46: 1.33 | AJ46: นายธีลาพล อุ่มวงศ์ | AK46: นางสาวสุนิษา เชื้อสายมธุรส | AL46: 237147 | AM46: 2563 | AN46: 2 | AO46: ม.3/2 | AP46: 9 | AQ46: 1 | AR46: 32 | AS46: 1 | AT46: 404 | AU46: 242657 | AV46: 242657 | AW46: จบการศึกษาภาคบังคับ | BC46: ดี | BD46: ดี | BE46: ผ่าน | BF46: ปิยวัฒนศาสตร์ | BG46: ปทุมธานี
A47: 1-1397-00051-64-9 | B47: เด็กชาย | C47: ปรัชญา | D47: อินทโชติ | E47: ปรัชญา อินทโชติ | F47: 18664 | G47: 1.62 | K47: 99.38 | L47: 11 | M47: 11 | N47: 1.45 | O47: 15 | P47: 15 | Q47: 1.2 | R47: 15 | S47: 15 | T47: 1.51 | U47: 15 | V47: 15 | W47: 1.45 | X47: 6 | Y47: 6 | Z47: 2.41 | AA47: 6 | AB47: 6 | AC47: 2.62 | AD47: 8.5 | AE47: 8.5 | AF47: 1.67 | AG47: 9 | AH47: 9 | AI47: 1.41 | AJ47: นายปริญญา อินทโชติ | AK47: นางสาวรัชนี อ่ำหนองบัว | AL47: 237130 | AM47: 2563 | AN47: 2 | AO47: ม.3/2 | AP47: 10 | AQ47: 1 | AR47: 32 | AS47: 1 | AT47: 404 | AU47: 242657 | AV47: 242657 | AW47: จบการศึกษาภาคบังคับ | BC47: ดี | BD47: ดี | BE47: ผ่าน | BF47: วัดสุวรรณ | BG47: ปทุมธานี
A48: 1-1043-00896-68-0 | B48: นาย | C48: พัชรากรณ์ | D48: คำสาน | E48: พัชรากรณ์ คำสาน | F48: 18665 | G48: 1.4 | K48: 99.38 | L48: 11 | M48: 11 | N48: 1.27 | O48: 15 | P48: 15 | Q48: 1.16 | R48: 15 | S48: 15 | T48: 1.28 | U48: 15 | V48: 15 | W48: 1.3 | X48: 6 | Y48: 6 | Z48: 1.83 | AA48: 6 | AB48: 6 | AC48: 2.04 | AD48: 8.5 | AE48: 8.5 | AF48: 1.82 | AG48: 9 | AH48: 9 | AI48: 1 | AJ48: นายสมพร คำสาน | AK48: นางสาวดวงเดือน มลบัวทอง | AL48: 237007 | AM48: 2563 | AN48: 2 | AO48: ม.3/2 | AP48: 11 | AQ48: 1 | AR48: 32 | AS48: 1 | AT48: 404 | AU48: 242657 | AV48: 242657 | AW48: จบการศึกษาภาคบังคับ | BC48: ดี | BD48: ดี | BE48: ผ่าน | BF48: วัดธัญญะผล | BG48: ปทุมธานี
A49: 1-1389-00019-37-3 | B49: นาย | C49: พัสกร | D49: เรืองรัตน์ | E49: พัสกร เรืองรัตน์ | F49: 18666 | G49: 1.36 | K49: 99.38 | L49: 11 | M49: 11 | N49: 1.11 | O49: 15 | P49: 15 | Q49: 1.13 | R49: 15 | S49: 15 | T49: 1.25 | U49: 15 | V49: 15 | W49: 1.21 | X49: 6 | Y49: 6 | Z49: 1.91 | AA49: 6 | AB49: 6 | AC49: 2 | AD49: 8.5 | AE49: 8.5 | AF49: 1.64 | AG49: 9 | AH49: 9 | AI49: 1.16 | AJ49: นายวินิจ เรืองรัตน์ | AK49: นางมณี เรืองรัตน์ | AL49: 236875 | AM49: 2563 | AN49: 2 | AO49: ม.3/2 | AP49: 12 | AQ49: 1 | AR49: 32 | AS49: 1 | AT49: 404 | AU49: 242657 | AV49: 242657 | AW49: จบการศึกษาภาคบังคับ | BC49: ดี | BD49: ดี | BE49: ผ่าน | BF49: วัดลำกะดาน | BG49: กรุงเทพมหานคร
A50: 1-1398-00098-78-7 | B50: นาย | C50: รัฐธรรมนูญ | D50: ผาสีกาย | E50: รัฐธรรมนูญ ผาสีกาย | F50: 18669 | G50: 1.73 | K50: 99.38 | L50: 11 | M50: 11 | N50: 1.38 | O50: 15 | P50: 15 | Q50: 1.31 | R50: 15 | S50: 15 | T50: 1.7 | U50: 15 | V50: 15 | W50: 1.7 | X50: 6 | Y50: 6 | Z50: 2.12 | AA50: 6 | AB50: 6 | AC50: 2.08 | AD50: 8.5 | AE50: 8.5 | AF50: 1.91 | AG50: 9 | AH50: 9 | AI50: 1.91 | AJ50: นายชำนาญ ผาสีกาย | AK50: นางขวัญตา ผาสีกาย | AL50: 237023 | AM50: 2563 | AN50: 2 | AO50: ม.3/2 | AP50: 13 | AQ50: 1 | AR50: 32 | AS50: 1 | AT50: 404 | AU50: 242657 | AV50: 242657 | AW50: จบการศึกษาภาคบังคับ | BC50: ดี | BD50: ดี | BE50: ผ่าน | BF50: วงศ์ไพฑูรย์วิทยา | BG50: ปทุมธานี
A51: 1-1397-00047-26-9 | B51: นาย | C51: ศรีจักภพ | D51: สัจจาพันธุ์ | E51: ศรีจักภพ สัจจาพันธุ์ | F51: 18670 | G51: 1.77 | K51: 99.38 | L51: 11 | M51: 11 | N51: 1.59 | O51: 15 | P51: 15 | Q51: 1.26 | R51: 15 | S51: 15 | T51: 1.88 | U51: 15 | V51: 15 | W51: 1.78 | X51: 6 | Y51: 6 | Z51: 2.41 | AA51: 6 | AB51: 6 | AC51: 2.16 | AD51: 8.5 | AE51: 8.5 | AF51: 2.26 | AG51: 9 | AH51: 9 | AI51: 1.25 | AJ51: นายภิภพ สัจจาพันธุ์ | AK51: เพ็ญณภา แสงนิล | AL51: 236987 | AM51: 2563 | AN51: 2 | AO51: ม.3/2 | AP51: 14 | AQ51: 1 | AR51: 32 | AS51: 1 | AT51: 404 | AU51: 242657 | AV51: 242657 | AW51: จบการศึกษาภาคบังคับ | BC51: ดี | BD51: ดี | BE51: ผ่าน | BF51: วัดธัญญะผล | BG51: ปทุมธานี
A52: 1-1043-00897-09-1 | B52: นาย | C52: เอกสุวัชร์ | D52: ศิริพัฒน์ | E52: เอกสุวัชร์ ศิริพัฒน์ | F52: 18673 | G52: 1.5 | K52: 99.38 | L52: 11 | M52: 11 | N52: 1.29 | O52: 15 | P52: 15 | Q52: 1.33 | R52: 15 | S52: 15 | T52: 1.3 | U52: 15 | V52: 15 | W52: 1.31 | X52: 6 | Y52: 6 | Z52: 1.95 | AA52: 6 | AB52: 6 | AC52: 2.12 | AD52: 8.5 | AE52: 8.5 | AF52: 1.88 | AG52: 9 | AH52: 9 | AI52: 1.41 | AJ52: นายวิชัย ศิริพัฒน์ | AK52: นางสาวกนกอร นกพรมพะเนา | AL52: 237007 | AM52: 2563 | AN52: 2 | AO52: ม.3/2 | AP52: 15 | AQ52: 1 | AR52: 32 | AS52: 1 | AT52: 404 | AU52: 242657 | AV52: 242657 | AW52: จบการศึกษาภาคบังคับ | BC52: ดี | BD52: ดี | BE52: ผ่าน | BF52: วัดลำกะดาน | BG52: กรุงเทพมหานคร
A53: 1-1042-00445-09-1 | B53: นางสาว | C53: จริยา | D53: โพธิ์อ่อง | E53: จริยา โพธิ์อ่อง | F53: 18674 | G53: 1.98 | K53: 99.38 | L53: 11 | M53: 11 | N53: 1.5 | O53: 15 | P53: 15 | Q53: 1.6 | R53: 15 | S53: 15 | T53: 1.8 | U53: 15 | V53: 15 | W53: 1.66 | X53: 6 | Y53: 6 | Z53: 2.54 | AA53: 6 | AB53: 6 | AC53: 2.87 | AD53: 8.5 | AE53: 8.5 | AF53: 2.79 | AG53: 9 | AH53: 9 | AI53: 2 | AJ53: นายเฉลิมศักดิ์ โพธิ์อ่อง | AK53: นางสาวนิพาพร เพียรสันเทียะ | AL53: 236730 | AM53: 2563 | AN53: 2 | AO53: ม.3/2 | AP53: 18 | AQ53: 1 | AR53: 32 | AS53: 1 | AT53: 404 | AU53: 242657 | AV53: 242657 | AW53: จบการศึกษาภาคบังคับ | BC53: ดี | BD53: ดี | BE53: ผ่าน | BF53: ปิยวัฒนศาสตร์ | BG53: ปทุมธานี
A54: 1-1396-00373-04-1 | B54: เด็กหญิง | C54: จุฑารัตน์ | D54: คร้ามคงวงษ์ | E54: จุฑารัตน์ คร้ามคงวงษ์ | F54: 18675 | G54: 1.73 | K54: 99.38 | L54: 11 | M54: 11 | N54: 1.31 | O54: 15 | P54: 15 | Q54: 1.36 | R54: 15 | S54: 15 | T54: 1.6 | U54: 15 | V54: 15 | W54: 1.53 | X54: 6 | Y54: 6 | Z54: 2.25 | AA54: 6 | AB54: 6 | AC54: 2.41 | AD54: 8.5 | AE54: 8.5 | AF54: 2.5 | AG54: 9 | AH54: 9 | AI54: 1.5 | AJ54: นายเจริญรัตน์ คร้ามคงวงษ์ | AK54: นางมณีรัตน์ สร้อยชั้น | AL54: 237229 | AM54: 2563 | AN54: 2 | AO54: ม.3/2 | AP54: 19 | AQ54: 1 | AR54: 32 | AS54: 1 | AT54: 404 | AU54: 242657 | AV54: 242657 | AW54: จบการศึกษาภาคบังคับ | BC54: ดี | BD54: ดี | BE54: ผ่าน | BF54: วัดกลางคลองสี่ | BG54: ปทุมธานี
A55: 1-1042-00507-99-1 | B55: นางสาว | C55: ณัฏฐ์ภรณ์ | D55: กันเนตร | E55: ณัฏฐ์ภรณ์ กันเนตร | F55: 18678 | G55: 2.78 | K55: 99.38 | L55: 11 | M55: 11 | N55: 2.52 | O55: 15 | P55: 15 | Q55: 2.33 | R55: 15 | S55: 15 | T55: 3.03 | U55: 15 | V55: 15 | W55: 2.51 | X55: 6 | Y55: 6 | Z55: 3.25 | AA55: 6 | AB55: 6 | AC55: 3.45 | AD55: 8.5 | AE55: 8.5 | AF55: 3.29 | AG55: 9 | AH55: 9 | AI55: 2.5 | AJ55: นายบุญเลิศ กันเนตร | AK55: นางสุมณฑา กันเนตร | AL55: 237102 | AM55: 2563 | AN55: 2 | AO55: ม.3/2 | AP55: 20 | AQ55: 1 | AR55: 32 | AS55: 1 | AT55: 404 | AU55: 242622 | AV55: 242622 | AW55: จบการศึกษาภาคบังคับ | BC55: ดีเยี่ยม | BD55: ดี | BE55: ผ่าน | BF55: วัดราษฎร์ศรัทธาราม | BG55: ปทุมธานี
A56: 1-2699-00405-03-6 | B56: นางสาว | C56: ธิดารัตน์ | D56: อรุณรุ่ง | E56: ธิดารัตน์ อรุณรุ่ง | F56: 18679 | G56: 1.18 | K56: 99.38 | L56: 9.5 | M56: 8 | N56: 1.18 | O56: 12.5 | P56: 7.5 | Q56: 0.68 | R56: 12.5 | S56: 9.5 | T56: 1 | U56: 12.5 | V56: 11 | W56: 1.24 | X56: 5 | Y56: 3.5 | Z56: 1.8 | AA56: 5 | AB56: 4 | AC56: 1.5 | AD56: 7.5 | AE56: 7.5 | AF56: 1.9 | AG56: 7.5 | AH56: 3 | AI56: 0.6 | AJ56: นายศิริพงษ์ อรุณรุ่ง | AK56: นางสาวพินิจดา ป้องกัน | AL56: 236855 | AM56: 2563 | AN56: 2 | AO56: ม.3/0 | AP56: 21 | AQ56: 1 | AR56: 1 | AS56: 1 | AT56: 404 | AV56: 242569 | AW56: ศึกษาต่อสถานศึกษาอื่น | BC56: ปรับปรุง | BD56: ดี | BE56: ผ่าน | BF56: พระวิสุทธิวงส์ | BG56: ปทุมธานี
A57: 1-1389-00022-24-2 | B57: นางสาว | C57: นิชดา | D57: นิลนามะ | E57: นิชดา นิลนามะ | F57: 18680 | G57: 1.46 | K57: 99.38 | L57: 11 | M57: 8 | N57: 1 | O57: 15 | P57: 12.5 | Q57: 1.25 | R57: 15 | S57: 13.5 | T57: 1.43 | U57: 15 | V57: 12.5 | W57: 1.21 | X57: 6 | Y57: 5.5 | Z57: 2.2 | AA57: 6 | AB57: 5.5 | AC57: 2.08 | AD57: 8.5 | AE57: 8.5 | AF57: 2.11 | AG57: 9 | AH57: 7.5 | AI57: 1.08 | AJ57: นายณรงค์ นิลนามะ | AK57: นางสาวนิภาพร ท่อทอง | AL57: 237101 | AM57: 2563 | AN57: 2 | AO57: ม.3/2 | AP57: 22 | AQ57: 1 | AR57: 32 | AS57: 1 | AT57: 404 | BC57: ดีเยี่ยม | BD57: ดี | BE57: ผ่าน | BF57: วัดพิรุณศาสตร์ | BG57: ปทุมธานี
A58: 1-1042-00461-86-0 | B58: นางสาว | C58: นิชาภัทร | D58: เพ็ชรอินทร์ | E58: นิชาภัทร เพ็ชรอินทร์ | F58: 18681 | G58: 1.96 | K58: 99.38 | L58: 11 | M58: 11 | N58: 1.54 | O58: 15 | P58: 15 | Q58: 1.65 | R58: 15 | S58: 15 | T58: 1.86 | U58: 15 | V58: 15 | W58: 1.75 | X58: 6 | Y58: 6 | Z58: 2.75 | AA58: 6 | AB58: 6 | AC58: 2.62 | AD58: 8.5 | AE58: 8.5 | AF58: 2.58 | AG58: 9 | AH58: 9 | AI58: 1.66 | AJ58: นายสนั่น เพ็ชรอินทร์ | AK58: นางสาวนันทิญา เอี่ยมเดชา | AL58: 236832 | AM58: 2563 | AN58: 2 | AO58: ม.3/2 | AP58: 23 | AQ58: 1 | AR58: 32 | AS58: 1 | AT58: 404 | AU58: 242657 | AV58: 242657 | AW58: จบการศึกษาภาคบังคับ | BC58: ดี | BD58: ดี | BE58: ผ่าน | BF58: พระวิสุทธิวงส์ | BG58: ปทุมธานี
A59: 1-1042-00451-00-7 | B59: นางสาว | C59: ปิยธิดา | D59: หอมหวล | E59: ปิยธิดา หอมหวล | F59: 18682 | G59: 3.12 | K59: 99.38 | L59: 11 | M59: 11 | N59: 3.59 | O59: 15 | P59: 15 | Q59: 2.58 | R59: 15 | S59: 15 | T59: 3.23 | U59: 15 | V59: 15 | W59: 2.85 | X59: 6 | Y59: 6 | Z59: 3.5 | AA59: 6 | AB59: 6 | AC59: 3.75 | AD59: 8.5 | AE59: 8.5 | AF59: 3.61 | AG59: 9 | AH59: 9 | AI59: 2.66 | AJ59: นายเสาร์คำ คำแปง | AK59: นางนิรชา หอมหวล | AL59: 236764 | AM59: 2563 | AN59: 2 | AO59: ม.3/2 | AP59: 24 | AQ59: 1 | AR59: 32 | AS59: 1 | AT59: 404 | AU59: 242622 | AV59: 242622 | AW59: จบการศึกษาภาคบังคับ | BC59: ดีเยี่ยม | BD59: ดีเยี่ยม | BE59: ผ่าน | BF59: วัดปัญจทายิกาวาส | BG59: ปทุมธานี
A60: 1-1037-03898-46-9 | B60: นางสาว | C60: ภัทราภรณ์ | D60: แจ่มจำรัส | E60: ภัทราภรณ์ แจ่มจำรัส | F60: 18683 | G60: 2.81 | K60: 99.38 | L60: 11 | M60: 11 | N60: 2.45 | O60: 15 | P60: 15 | Q60: 2.88 | R60: 15 | S60: 15 | T60: 2.85 | U60: 15 | V60: 15 | W60: 2.55 | X60: 6 | Y60: 6 | Z60: 3.12 | AA60: 6 | AB60: 6 | AC60: 3.37 | AD60: 8.5 | AE60: 8.5 | AF60: 3.38 | AG60: 9 | AH60: 9 | AI60: 2.25 | AJ60: นายฉัตรชัย แจ่มจำรัส | AK60: นางสาวชนากานต์ มารัตน์ | AL60: 236670 | AM60: 2563 | AN60: 2 | AO60: ม.3/2 | AP60: 25 | AQ60: 1 | AR60: 32 | AS60: 1 | AT60: 404 | AU60: 242622 | AV60: 242622 | AW60: จบการศึกษาภาคบังคับ | BC60: ดีเยี่ยม | BD60: ดี | BE60: ผ่าน | BF60: บ้านสมสะอาดเนินกุง | BG60: อำนาจเจริญ
A61: 1-2604-01158-51-5 | B61: นางสาว | C61: มนัสชนก | D61: ศิริเลิศรุ่งเรือง | E61: มนัสชนก ศิริเลิศรุ่งเรือง | F61: 18684 | G61: 3.47 | K61: 99.38 | L61: 11 | M61: 11 | N61: 3.79 | O61: 15 | P61: 15 | Q61: 2.86 | R61: 15 | S61: 15 | T61: 3.73 | U61: 15 | V61: 15 | W61: 3.11 | X61: 6 | Y61: 6 | Z61: 3.62 | AA61: 6 | AB61: 6 | AC61: 3.83 | AD61: 8.5 | AE61: 8.5 | AF61: 3.64 | AG61: 9 | AH61: 9 | AI61: 3.83 | AJ61: นายสมคิด ศิริเลิศรุ่งเรือง | AK61: นางชะบา ศิริเลิศรุ่งเรือง | AL61: 236927 | AM61: 2563 | AN61: 2 | AO61: ม.3/2 | AP61: 26 | AQ61: 1 | AR61: 32 | AS61: 1 | AT61: 404 | AU61: 242622 | AV61: 242622 | AW61: จบการศึกษาภาคบังคับ | BC61: ดีเยี่ยม | BD61: ดีเยี่ยม | BE61: ผ่าน | BF61: มูลนิธิภูมิตะวันวิทยา | BG61: ปทุมธานี
A62: 1-1398-00106-16-0 | B62: เด็กหญิง | C62: วรรณทิวา | D62: แตงบุตร | E62: วรรณทิวา แตงบุตร | F62: 18686 | G62: 2 | K62: 99.38 | L62: 11 | M62: 11 | N62: 1.63 | O62: 15 | P62: 15 | Q62: 2.36 | R62: 15 | S62: 15 | T62: 1.61 | U62: 15 | V62: 15 | W62: 1.78 | X62: 6 | Y62: 6 | Z62: 2.33 | AA62: 6 | AB62: 6 | AC62: 2.37 | AD62: 8.5 | AE62: 8.5 | AF62: 2.61 | AG62: 9 | AH62: 9 | AI62: 1.5 | AJ62: นายวันชัย แตงบุตร | AK62: นางสาวรุ่งทิวา สุดใจ | AL62: 237140 | AM62: 2563 | AN62: 2 | AO62: ม.3/2 | AP62: 27 | AQ62: 1 | AR62: 32 | AS62: 1 | AT62: 404 | AU62: 242657 | AV62: 242657 | AW62: จบการศึกษาภาคบังคับ | BC62: ดีเยี่ยม | BD62: ดี | BE62: ผ่าน | BF62: ปิยวัฒนศาสตร์ | BG62: ปทุมธานี
A63: 1-1399-00485-53-7 | B63: นางสาว | C63: วาสนา | D63: สมเด็จ | E63: วาสนา สมเด็จ | F63: 18687 | G63: 2.62 | K63: 99.38 | L63: 11 | M63: 11 | N63: 2.65 | O63: 15 | P63: 15 | Q63: 1.98 | R63: 15 | S63: 15 | T63: 2.45 | U63: 15 | V63: 15 | W63: 2.45 | X63: 6 | Y63: 6 | Z63: 3.5 | AA63: 6 | AB63: 6 | AC63: 3.5 | AD63: 8.5 | AE63: 8.5 | AF63: 3.29 | AG63: 9 | AH63: 9 | AI63: 2.33 | AJ63: นายจำนงค์ สมเด็จ | AK63: นางนุ้ย สมเด็จ | AL63: 236912 | AM63: 2563 | AN63: 2 | AO63: ม.3/2 | AP63: 28 | AQ63: 1 | AR63: 32 | AS63: 1 | AT63: 404 | AU63: 242622 | AV63: 242622 | AW63: จบการศึกษาภาคบังคับ | BC63: ดีเยี่ยม | BD63: ดี | BE63: ผ่าน | BF63: ชุมชนวัดทำเลทอง | BG63: ปทุมธานี
A64: 1-7387-00045-02-2 | B64: นางสาว | C64: วิญาดา | D64: คล้ายนุช | E64: วิญาดา คล้ายนุช | F64: 18688 | G64: 1.81 | K64: 99.38 | L64: 11 | M64: 9.5 | N64: 1.52 | O64: 15 | P64: 11 | Q64: 1.4 | R64: 15 | S64: 15 | T64: 1.73 | U64: 15 | V64: 13.5 | W64: 1.51 | X64: 6 | Y64: 5.5 | Z64: 2.45 | AA64: 6 | AB64: 5 | AC64: 2.16 | AD64: 8.5 | AE64: 8.5 | AF64: 2.47 | AG64: 9 | AH64: 9 | AI64: 1.83 | AJ64: นายวรวิทย์ คล้ายนุช | AK64: นางสาวเพชราภรณ์ลักษณ์ มูลมั่ง | AL64: 236747 | AM64: 2563 | AN64: 2 | AO64: ม.3/2 | AP64: 29 | AQ64: 1 | AR64: 32 | AS64: 1 | AT64: 404 | BC64: ดี | BD64: ดี | BE64: ผ่าน | BF64: วัดดอนใหญ่ | BG64: ปทุมธานี
A65: 1-1398-00106-35-6 | B65: เด็กหญิง | C65: วิภาวรรณ | D65: ศรีมหัน | E65: วิภาวรรณ ศรีมหัน | F65: 18689 | G65: 2.5 | K65: 99.38 | L65: 11 | M65: 11 | N65: 2.45 | O65: 15 | P65: 15 | Q65: 1.91 | R65: 15 | S65: 15 | T65: 2.4 | U65: 15 | V65: 15 | W65: 2.21 | X65: 6 | Y65: 6 | Z65: 3 | AA65: 6 | AB65: 6 | AC65: 3.2 | AD65: 8.5 | AE65: 8.5 | AF65: 3.35 | AG65: 9 | AH65: 9 | AI65: 2.33 | AJ65: นายสะไกร ศรีมหัน | AK65: นางปราณี สินลือนาม | AL65: 237145 | AM65: 2563 | AN65: 2 | AO65: ม.3/2 | AP65: 30 | AQ65: 1 | AR65: 32 | AS65: 1 | AT65: 404 | AU65: 242622 | AV65: 242622 | AW65: จบการศึกษาภาคบังคับ | BC65: ดีเยี่ยม | BD65: ดี | BE65: ผ่าน | BF65: วัดดอนใหญ่ | BG65: ปทุมธานี
A66: 1-1398-00099-81-3 | B66: นางสาว | C66: เสาวลักษณ์ | D66: มินทยักษ์ | E66: เสาวลักษณ์ มินทยักษ์ | F66: 18690 | G66: 1.83 | K66: 99.38 | L66: 11 | M66: 11 | N66: 1.4 | O66: 15 | P66: 15 | Q66: 1.96 | R66: 15 | S66: 15 | T66: 1.76 | U66: 15 | V66: 15 | W66: 1.51 | X66: 6 | Y66: 6 | Z66: 2.33 | AA66: 6 | AB66: 6 | AC66: 2.41 | AD66: 8.5 | AE66: 8.5 | AF66: 2.2 | AG66: 9 | AH66: 9 | AI66: 1.58 | AJ66: นายยุทธพงษ์ เอี่ยมประภัสสร | AK66: นางสาวจันทรัสม์ มินทยักษ์ | AL66: 237035 | AM66: 2563 | AN66: 2 | AO66: ม.3/2 | AP66: 31 | AQ66: 1 | AR66: 32 | AS66: 1 | AT66: 404 | AU66: 242622 | AV66: 242622 | AW66: จบการศึกษาภาคบังคับ | BC66: ดี | BD66: ดี | BE66: ผ่าน | BF66: วัดกลางคลอง 4 | BG66: ปทุมธานี
A67: 1-1042-00504-29-1 | B67: นางสาว | C67: อนุสรา | D67: ณีขุนทด | E67: อนุสรา ณีขุนทด | F67: 18691 | G67: 1.82 | K67: 99.38 | L67: 11 | M67: 11 | N67: 1.65 | O67: 15 | P67: 15 | Q67: 1.33 | R67: 15 | S67: 15 | T67: 1.71 | U67: 15 | V67: 15 | W67: 1.86 | X67: 6 | Y67: 6 | Z67: 2.37 | AA67: 6 | AB67: 6 | AC67: 2.16 | AD67: 8.5 | AE67: 8.5 | AF67: 2.85 | AG67: 9 | AH67: 9 | AI67: 1.25 | AJ67: นายสมยงค์ ณีขุนทด | AK67: นางแก้วมณี ณีขุนทด | AL67: 237076 | AM67: 2563 | AN67: 2 | AO67: ม.3/2 | AP67: 32 | AQ67: 1 | AR67: 32 | AS67: 1 | AT67: 404 | AU67: 242622 | AV67: 242622 | AW67: จบการศึกษาภาคบังคับ | BC67: ดีเยี่ยม | BD67: ดี | BE67: ผ่าน | BF67: ชุมชนเลิศพินิจพิทยาคม | BG67: ปทุมธานี
A68: 1-1398-00094-95-1 | B68: นาย | C68: จิรภัทร์ | D68: เหมือนมี | E68: จิรภัทร์ เหมือนมี | F68: 18692 | G68: 2.01 | K68: 99.38 | L68: 10 | M68: 10 | N68: 2.5 | O68: 15 | P68: 15 | Q68: 1.15 | R68: 20.5 | S68: 20.5 | T68: 1.9 | U68: 15 | V68: 15 | W68: 2.45 | X68: 6 | Y68: 6 | Z68: 2.29 | AA68: 6 | AB68: 6 | AC68: 2.45 | AD68: 4 | AE68: 4 | AF68: 2.75 | AG68: 9 | AH68: 9 | AI68: 1.41 | AJ68: นายชัชวาลย์ เหมือนมี | AK68: นางสาวณี | AL68: 236932 | AM68: 2563 | AN68: 2 | AO68: ม.3/3 | AP68: 1 | AQ68: 1 | AR68: 39 | AS68: 1 | AT68: 404 | AU68: 242657 | AV68: 242657 | AW68: จบการศึกษาภาคบังคับ | BC68: ดีเยี่ยม | BD68: ดี | BE68: ผ่าน | BF68: วงศ์ไพฑูรย์วิทยา | BG68: ปทุมธานี
A69: 1-1396-00355-54-9 | B69: นาย | C69: ชนวีร์ | D69: จอมพงษ์ | E69: ชนวีร์ จอมพงษ์ | F69: 18695 | G69: 1.73 | K69: 99.38 | L69: 10 | M69: 10 | N69: 1.42 | O69: 15 | P69: 15 | Q69: 1.2 | R69: 20.5 | S69: 20.5 | T69: 1.82 | U69: 15 | V69: 15 | W69: 1.7 | X69: 6 | Y69: 6 | Z69: 2.12 | AA69: 6 | AB69: 6 | AC69: 2.29 | AD69: 4 | AE69: 4 | AF69: 1.87 | AG69: 9 | AH69: 9 | AI69: 1.66 | AJ69: นายสมพร จอมพงษ์ | AK69: นางสุมณฑา จอมพงษ์ | AL69: 237094 | AM69: 2563 | AN69: 2 | AO69: ม.3/3 | AP69: 2 | AQ69: 1 | AR69: 39 | AS69: 1 | AT69: 404 | AU69: 242657 | AV69: 242657 | AW69: จบการศึกษาภาคบังคับ | BC69: ดีเยี่ยม | BD69: ดี | BE69: ผ่าน | BF69: วัดอัยยิการาม | BG69: ปทุมธานี
A70: 1-4399-00525-31-5 | B70: นาย | C70: ฐิติกร | D70: เสนจันทร์ฒิชัย | E70: ฐิติกร เสนจันทร์ฒิชัย | F70: 18696 | G70: 2.95 | K70: 99.38 | L70: 10 | M70: 10 | N70: 2.75 | O70: 15 | P70: 15 | Q70: 2.36 | R70: 20.5 | S70: 20.5 | T70: 3.1 | U70: 15 | V70: 15 | W70: 2.98 | X70: 6 | Y70: 6 | Z70: 2.95 | AA70: 6 | AB70: 6 | AC70: 3.33 | AD70: 4 | AE70: 4 | AF70: 3.25 | AG70: 9 | AH70: 9 | AI70: 3.16 | AJ70: นายบุรินทร์ เสนจันทร์ฒิชัย | AK70: นางสาวประภาพร คำพิทูรย์ | AL70: 236648 | AM70: 2563 | AN70: 2 | AO70: ม.3/3 | AP70: 3 | AQ70: 1 | AR70: 39 | AS70: 1 | AT70: 404 | AU70: 242622 | AV70: 242622 | AW70: จบการศึกษาภาคบังคับ | BC70: ดีเยี่ยม | BD70: ดีเยี่ยม | BE70: ผ่าน | BF70: โรงเรียนคลองสาม | BG70: กรุงเทพมหานคร
A71: 1-1396-00345-55-1 | B71: นาย | C71: ณัฏฐ์สิทธิ์ | D71: กรมทอง | E71: ณัฏฐ์สิทธิ์ กรมทอง | F71: 18697 | G71: 1.98 | K71: 99.38 | L71: 10 | M71: 10 | N71: 1.92 | O71: 15 | P71: 15 | Q71: 1.56 | R71: 20.5 | S71: 20.5 | T71: 2.17 | U71: 15 | V71: 15 | W71: 1.91 | X71: 6 | Y71: 6 | Z71: 2.2 | AA71: 6 | AB71: 6 | AC71: 2.54 | AD71: 4 | AE71: 4 | AF71: 2.37 | AG71: 9 | AH71: 9 | AI71: 1.25 | AJ71: ไม่ปรากฎ | AK71: นางสาวเดือนฉาย ทองสุทธิ | AL71: 237007 | AM71: 2563 | AN71: 2 | AO71: ม.3/3 | AP71: 4 | AQ71: 1 | AR71: 39 | AS71: 1 | AT71: 404 | AU71: 242657 | AV71: 242657 | AW71: จบการศึกษาภาคบังคับ | BC71: ดีเยี่ยม | BD71: ดีเยี่ยม | BE71: ผ่าน | BF71: วัดปัญจทายิกาวาส | BG71: ปทุมธานี
A72: 1-3074-00036-57-8 | B72: นาย | C72: ณัฐพล | D72: ฉายรัตนานันท์ | E72: ณัฐพล ฉายรัตนานันท์ | F72: 18698 | G72: 3.02 | K72: 99.38 | L72: 10 | M72: 10 | N72: 3.22 | O72: 15 | P72: 15 | Q72: 2.46 | R72: 20.5 | S72: 20.5 | T72: 2.97 | U72: 15 | V72: 15 | W72: 3.23 | X72: 6 | Y72: 6 | Z72: 3.25 | AA72: 6 | AB72: 6 | AC72: 3.29 | AD72: 4 | AE72: 4 | AF72: 3.5 | AG72: 9 | AH72: 9 | AI72: 2.75 | AJ72: นายวรวิทย์ ฉายรัตนานันท์ | AK72: นางสาวณัฐพัชร พลทามูล | AL72: 237085 | AM72: 2563 | AN72: 2 | AO72: ม.3/3 | AP72: 5 | AQ72: 1 | AR72: 39 | AS72: 1 | AT72: 404 | AU72: 242622 | AV72: 242622 | AW72: จบการศึกษาภาคบังคับ | BC72: ดีเยี่ยม | BD72: ดีเยี่ยม | BE72: ผ่าน | BF72: สหราษฎร์บำรุง | BG72: ปทุมธานี
A73: 1-3493-00019-66-5 | B73: นาย | C73: ธนพล | D73: ภูสีดิน | E73: ธนพล ภูสีดิน | F73: 18699 | G73: 1.53 | K73: 99.38 | L73: 10 | M73: 10 | N73: 1.6 | O73: 15 | P73: 15 | Q73: 1.08 | R73: 20.5 | S73: 20.5 | T73: 1.82 | U73: 15 | V73: 15 | W73: 1.26 | X73: 6 | Y73: 5.5 | Z73: 1.79 | AA73: 6 | AB73: 6 | AC73: 2.08 | AD73: 4 | AE73: 4 | AF73: 1.62 | AG73: 9 | AH73: 6 | AI73: 1 | AJ73: นายมนูน ภูสีดิน | AK73: นางคำพอง ภูสีดิน | AL73: 236680 | AM73: 2563 | AN73: 2 | AO73: ม.3/3 | AP73: 6 | AQ73: 1 | AR73: 39 | AS73: 1 | AT73: 404 | BC73: ดีเยี่ยม | BD73: ดี | BE73: ผ่าน | BF73: เจริญดีวิทยา | BG73: ปทุมธานี
A74: 1-3990-00047-86-8 | B74: เด็กชาย | C74: ธนากร | D74: วิเศษณ์ดี | E74: ธนากร วิเศษณ์ดี | F74: 18700 | G74: 1.52 | K74: 99.38 | L74: 10 | M74: 10 | N74: 1.45 | O74: 15 | P74: 15 | Q74: 1 | R74: 20.5 | S74: 20.5 | T74: 1.75 | U74: 15 | V74: 15 | W74: 1.3 | X74: 6 | Y74: 6 | Z74: 2.04 | AA74: 6 | AB74: 6 | AC74: 2.16 | AD74: 4 | AE74: 4 | AF74: 2 | AG74: 9 | AH74: 9 | AI74: 1.16 | AJ74: นายบุญสนอง วิเศษณ์ดี | AK74: นางแสงนวล วิเศษณ์ดี | AL74: 237179 | AM74: 2563 | AN74: 2 | AO74: ม.3/3 | AP74: 7 | AQ74: 1 | AR74: 39 | AS74: 1 | AT74: 404 | AU74: 242657 | AV74: 242657 | AW74: จบการศึกษาภาคบังคับ | BC74: ดีเยี่ยม | BD74: ดี | BE74: ผ่าน | BF74: วัดโพสพผลเจริญ | BG74: ปทุมธานี
A75: 1-1042-00460-88-0 | B75: นาย | C75: ธนานนท์ | D75: นาคราช | E75: ธนานนท์ นาคราช | F75: 18701 | G75: 1.08 | K75: 99.38 | L75: 8.5 | M75: 7.5 | N75: 1.05 | O75: 13.5 | P75: 10 | Q75: 0.74 | R75: 16.5 | S75: 11 | T75: 0.9 | U75: 13 | V75: 9 | W75: 0.98 | X75: 5 | Y75: 4.5 | Z75: 1.65 | AA75: 5 | AB75: 4.5 | AC75: 2.05 | AD75: 4 | AE75: 3 | AF75: 1 | AG75: 7.5 | AH75: 4.5 | AI75: 0.7 | AJ75: นายเฉลิมชัย นาคราช | AK75: นางสาวศิรวดี ยอดกฤษ | AL75: 236828 | AM75: 2563 | AN75: 2 | AO75: ม.3/3 | AP75: 8 | AQ75: 1 | AR75: 39 | AS75: 1 | AT75: 404 | BC75: ดี | BD75: ดี | BE75: ผ่าน | BF75: เจริญดีวิทยา | BG75: ปทุมธานี
A76: 1-1398-00102-62-8 | B76: นาย | C76: ธนิก | D76: ยอดระบำ | E76: ธนิก ยอดระบำ | F76: 18702 | G76: 2.95 | K76: 99.38 | L76: 10 | M76: 10 | N76: 3.1 | O76: 15 | P76: 15 | Q76: 2.31 | R76: 20.5 | S76: 20.5 | T76: 2.92 | U76: 15 | V76: 15 | W76: 3.13 | X76: 6 | Y76: 6 | Z76: 3.2 | AA76: 6 | AB76: 6 | AC76: 3.37 | AD76: 4 | AE76: 4 | AF76: 2.87 | AG76: 9 | AH76: 9 | AI76: 3 | AJ76: นายสิรภพ ยอดระบำ | AK76: นางสุรางค์ ยอดระบำ | AL76: 237092 | AM76: 2563 | AN76: 2 | AO76: ม.3/3 | AP76: 9 | AQ76: 1 | AR76: 39 | AS76: 1 | AT76: 404 | AU76: 242622 | AV76: 242622 | AW76: จบการศึกษาภาคบังคับ | BC76: ดีเยี่ยม | BD76: ดีเยี่ยม | BE76: ผ่าน | BF76: ฤทธิยะวรรณาลัย | BG76: กรุงเทพมหานคร
A77: 1-1042-00465-04-1 | B77: นาย | C77: ธีรภัทร | D77: ทับเหมือน | E77: ธีรภัทร ทับเหมือน | F77: 18703 | G77: 1.65 | K77: 99.38 | L77: 10 | M77: 10 | N77: 1.9 | O77: 15 | P77: 15 | Q77: 1.4 | R77: 20.5 | S77: 17 | T77: 1.52 | U77: 15 | V77: 14.5 | W77: 1.96 | X77: 6 | Y77: 6 | Z77: 2.41 | AA77: 6 | AB77: 5.5 | AC77: 2.2 | AD77: 4 | AE77: 4 | AF77: 2 | AG77: 9 | AH77: 1.5 | AI77: 0.16 | AJ77: นายกิตติพงษ์ แม่ประสพ | AK77: นางสาวรัตนา ทับเหมือน | AL77: 236852 | AM77: 2563 | AN77: 2 | AO77: ม.3/3 | AP77: 10 | AQ77: 1 | AR77: 39 | AS77: 1 | AT77: 404 | BC77: ดีเยี่ยม | BD77: ดี | BE77: ผ่าน | BF77: ชุมชนเลิศพินิจพิทยาคม | BG77: ปทุมธานี
A78: 1-1389-00020-59-2 | B78: นาย | C78: ธีรภัทร | D78: จั่นเสือ | E78: ธีรภัทร จั่นเสือ | F78: 18704 | G78: 3.4 | K78: 99.38 | L78: 10 | M78: 10 | N78: 3.55 | O78: 15 | P78: 15 | Q78: 2.95 | R78: 20.5 | S78: 20.5 | T78: 3.41 | U78: 15 | V78: 15 | W78: 3.85 | X78: 6 | Y78: 6 | Z78: 3.5 | AA78: 6 | AB78: 6 | AC78: 3.75 | AD78: 4 | AE78: 4 | AF78: 3.75 | AG78: 9 | AH78: 9 | AI78: 2.66 | AJ78: นายกมล จั่นเสือ | AK78: นางชนิกานต์ จั่นเสือ | AL78: 236960 | AM78: 2563 | AN78: 2 | AO78: ม.3/3 | AP78: 11 | AQ78: 1 | AR78: 39 | AS78: 1 | AT78: 404 | AU78: 242622 | AV78: 242622 | AW78: จบการศึกษาภาคบังคับ | BC78: ดีเยี่ยม | BD78: ดีเยี่ยม | BE78: ผ่าน | BF78: เจริญดีวิทยา | BG78: ปทุมธานี
A79: 1-5603-01433-61-9 | B79: เด็กชาย | C79: ภูวดล | D79: ชุมภู | E79: ภูวดล ชุมภู | F79: 18706 | G79: 2.82 | K79: 99.38 | L79: 10 | M79: 10 | N79: 2.82 | O79: 15 | P79: 15 | Q79: 2.33 | R79: 20.5 | S79: 20.5 | T79: 2.92 | U79: 15 | V79: 15 | W79: 3.1 | X79: 6 | Y79: 6 | Z79: 3.12 | AA79: 6 | AB79: 6 | AC79: 3.12 | AD79: 4 | AE79: 4 | AF79: 3 | AG79: 9 | AH79: 9 | AI79: 2.41 | AJ79: นายถวิน ชุมภู | AK79: นางสาววิภาภรณ์ หล่อแหลม | AL79: 237176 | AM79: 2563 | AN79: 2 | AO79: ม.3/3 | AP79: 12 | AQ79: 1 | AR79: 39 | AS79: 1 | AT79: 404 | AU79: 242622 | AV79: 242622 | AW79: จบการศึกษาภาคบังคับ | BC79: ดีเยี่ยม | BD79: ดีเยี่ยม | BE79: ผ่าน | BF79: เตรียมบัณฑิต(บริบูรณ์ศิลป์ศึกษา) | BG79: ปทุมธานี
A80: 1-1044-00019-80-0 | B80: นาย | C80: รพีพัฒน์ | D80: ท้าวมฤทธิ์ | E80: รพีพัฒน์ ท้าวมฤทธิ์ | F80: 18707 | G80: 2.97 | K80: 99.38 | L80: 10 | M80: 10 | N80: 2.9 | O80: 15 | P80: 15 | Q80: 2.3 | R80: 20.5 | S80: 20.5 | T80: 2.82 | U80: 15 | V80: 15 | W80: 3.33 | X80: 6 | Y80: 6 | Z80: 3.25 | AA80: 6 | AB80: 6 | AC80: 3.54 | AD80: 4 | AE80: 4 | AF80: 3.5 | AG80: 9 | AH80: 9 | AI80: 2.91 | AJ80: นายนรินทร์ ท้าวมฤทธิ์ | AK80: นางสาวรำไพ ศรีมิวงค์ | AL80: 236867 | AM80: 2563 | AN80: 2 | AO80: ม.3/3 | AP80: 13 | AQ80: 1 | AR80: 39 | AS80: 1 | AT80: 404 | AU80: 242622 | AV80: 242622 | AW80: จบการศึกษาภาคบังคับ | BC80: ดีเยี่ยม | BD80: ดีเยี่ยม | BE80: ผ่าน | BF80: วัดประชุมราษฎร์ | BG80: ปทุมธานี
A81: 1-1043-00810-76-9 | B81: นาย | C81: รังสิมันต์ | D81: ดาริสวิบูลย์ | E81: รังสิมันต์ ดาริสวิบูลย์ | F81: 18708 | G81: 1.9 | K81: 99.38 | L81: 10 | M81: 10 | N81: 1.95 | O81: 15 | P81: 15 | Q81: 1.38 | R81: 20.5 | S81: 20.5 | T81: 1.89 | U81: 15 | V81: 15 | W81: 2.03 | X81: 6 | Y81: 6 | Z81: 2.37 | AA81: 6 | AB81: 6 | AC81: 2.62 | AD81: 4 | AE81: 4 | AF81: 1.87 | AG81: 9 | AH81: 9 | AI81: 1.5 | AJ81: นายสมบูรณ์ ดาริสวิบูลย์ | AK81: นางกาญจนา วงศ์ณรัตน์ | AL81: 236737 | AM81: 2563 | AN81: 2 | AO81: ม.3/3 | AP81: 14 | AQ81: 1 | AR81: 39 | AS81: 1 | AT81: 404 | AU81: 242657 | AV81: 242657 | AW81: จบการศึกษาภาคบังคับ | BC81: ดีเยี่ยม | BD81: ดีเยี่ยม | BE81: ผ่าน | BF81: หนองจอกพิทยานุสรณ์ | BG81: กรุงเทพมหานคร
A82: 1-1042-00420-71-3 | B82: นาย | C82: ลัทธพล | D82: กมลภิญโญ | E82: ลัทธพล กมลภิญโญ | F82: 18709 | G82: 3.26 | K82: 99.38 | L82: 10 | M82: 10 | N82: 3.55 | O82: 15 | P82: 15 | Q82: 2.46 | R82: 20.5 | S82: 20.5 | T82: 3.41 | U82: 15 | V82: 15 | W82: 3.76 | X82: 6 | Y82: 6 | Z82: 3.5 | AA82: 6 | AB82: 6 | AC82: 3.45 | AD82: 4 | AE82: 4 | AF82: 3.87 | AG82: 9 | AH82: 9 | AI82: 2.66 | AJ82: นายอดิเรก กมลภิญโญ | AK82: นางสาวพิชยา ทองผาสุข | AL82: 236592 | AM82: 2563 | AN82: 2 | AO82: ม.3/3 | AP82: 15 | AQ82: 1 | AR82: 39 | AS82: 1 | AT82: 404 | AU82: 242622 | AV82: 242622 | AW82: จบการศึกษาภาคบังคับ | BC82: ดีเยี่ยม | BD82: ดีเยี่ยม | BE82: ผ่าน | BF82: ชุมชนเลิศพินิจพิทยาคม | BG82: ปทุมธานี
A83: 1-2199-00971-39-2 | B83: นาย | C83: วรเทพ | D83: เทียนอร่าม | E83: วรเทพ เทียนอร่าม | F83: 18710 | G83: 3.17 | K83: 99.38 | L83: 10 | M83: 10 | N83: 3.27 | O83: 15 | P83: 15 | Q83: 2.18 | R83: 20.5 | S83: 20.5 | T83: 3.56 | U83: 15 | V83: 15 | W83: 3.16 | X83: 6 | Y83: 6 | Z83: 3.2 | AA83: 6 | AB83: 6 | AC83: 3.58 | AD83: 4 | AE83: 4 | AF83: 3.25 | AG83: 9 | AH83: 9 | AI83: 3.41 | AJ83: นายเทพพิทักษ์ ชากะสิก | AK83: นางอารีวัลย์ เทียนอร่าม | AL83: 236493 | AM83: 2563 | AN83: 2 | AO83: ม.3/3 | AP83: 16 | AQ83: 1 | AR83: 39 | AS83: 1 | AT83: 404 | AU83: 242622 | AV83: 242622 | AW83: จบการศึกษาภาคบังคับ | BC83: ดีเยี่ยม | BD83: ดีเยี่ยม | BE83: ผ่าน | BF83: บ้านสองสลึง | BG83: ระยอง
A84: 1-1043-00912-53-7 | B84: นาย | C84: สิทธิโชค | D84: โตสมบัติ | E84: สิทธิโชค โตสมบัติ | F84: 18711 | G84: 2.76 | K84: 99.38 | L84: 10 | M84: 10 | N84: 2.57 | O84: 15 | P84: 15 | Q84: 1.93 | R84: 20.5 | S84: 20.5 | T84: 3 | U84: 15 | V84: 15 | W84: 3 | X84: 6 | Y84: 6 | Z84: 3.04 | AA84: 6 | AB84: 6 | AC84: 3.29 | AD84: 4 | AE84: 4 | AF84: 3.12 | AG84: 9 | AH84: 9 | AI84: 2.41 | AJ84: นายนรินทร์ โตสมบัติ | AK84: นางสาวศิริวกร สร้อยทอง | AL84: 237071 | AM84: 2563 | AN84: 2 | AO84: ม.3/3 | AP84: 17 | AQ84: 1 | AR84: 39 | AS84: 1 | AT84: 404 | AU84: 242622 | AV84: 242622 | AW84: จบการศึกษาภาคบังคับ | BC84: ดีเยี่ยม | BD84: ดีเยี่ยม | BE84: ผ่าน | BF84: วัดพิรุณศาสตร์ | BG84: ปทุมธานี
A85: 1-6589-00013-77-0 | B85: เด็กชาย | C85: อภินพ | D85: แก้วประเสริฐ | E85: อภินพ แก้วประเสริฐ | F85: 18712 | G85: 3.87 | K85: 99.38 | L85: 10 | M85: 10 | N85: 4 | O85: 15 | P85: 15 | Q85: 3.66 | R85: 20.5 | S85: 20.5 | T85: 3.91 | U85: 15 | V85: 15 | W85: 3.88 | X85: 6 | Y85: 6 | Z85: 3.66 | AA85: 6 | AB85: 6 | AC85: 3.95 | AD85: 4 | AE85: 4 | AF85: 4 | AG85: 9 | AH85: 9 | AI85: 4 | AJ85: นายประยูร แก้วประเสริฐ | AK85: นางสาวจารุณี นิ่มอนงค์ | AL85: 237132 | AM85: 2563 | AN85: 2 | AO85: ม.3/3 | AP85: 18 | AQ85: 1 | AR85: 39 | AS85: 1 | AT85: 404 | AU85: 242622 | AV85: 242622 | AW85: จบการศึกษาภาคบังคับ | BC85: ดีเยี่ยม | BD85: ดีเยี่ยม | BE85: ผ่าน | BF85: วัดคลองชัน | BG85: ปทุมธานี
A86: 1-1010-00143-46-2 | B86: เด็กชาย | C86: อลงกรณ์ | D86: สุดชาวงษ์ | E86: อลงกรณ์ สุดชาวงษ์ | F86: 18713 | G86: 2.21 | K86: 99.38 | L86: 10 | M86: 10 | N86: 1.77 | O86: 15 | P86: 15 | Q86: 1.68 | R86: 20.5 | S86: 20.5 | T86: 2.32 | U86: 15 | V86: 15 | W86: 1.93 | X86: 6 | Y86: 6 | Z86: 2.7 | AA86: 6 | AB86: 6 | AC86: 3.04 | AD86: 4 | AE86: 4 | AF86: 1.87 | AG86: 9 | AH86: 9 | AI86: 2.75 | AJ86: ไม่ปรากฎ | AK86: นางสาวจุฑามาศ สุดชาวงษ์ | AL86: 237147 | AM86: 2563 | AN86: 2 | AO86: ม.3/3 | AP86: 19 | AQ86: 1 | AR86: 39 | AS86: 1 | AT86: 404 | AU86: 242622 | AV86: 242622 | AW86: จบการศึกษาภาคบังคับ | BC86: ดีเยี่ยม | BD86: ดีเยี่ยม | BE86: ผ่าน | BF86: สหราษฎร์บำรุง | BG86: ปทุมธานี
A87: 1-3062-00046-92-7 | B87: นาย | C87: อานุภาพ | D87: พานิชยิ่ง | E87: อานุภาพ พานิชยิ่ง | F87: 18714 | G87: 3.24 | K87: 99.38 | L87: 10 | M87: 10 | N87: 3.27 | O87: 15 | P87: 15 | Q87: 2.66 | R87: 20.5 | S87: 20.5 | T87: 3.34 | U87: 15 | V87: 15 | W87: 3.28 | X87: 6 | Y87: 6 | Z87: 3.33 | AA87: 6 | AB87: 6 | AC87: 3.54 | AD87: 4 | AE87: 4 | AF87: 3.5 | AG87: 9 | AH87: 9 | AI87: 3.41 | AJ87: นายสิทธิชัย พานิชยิ่ง | AK87: นางสาวจารุนันท์ รอบไธสง | AL87: 236858 | AM87: 2563 | AN87: 2 | AO87: ม.3/3 | AP87: 20 | AQ87: 1 | AR87: 39 | AS87: 1 | AT87: 404 | AU87: 242622 | AV87: 242622 | AW87: จบการศึกษาภาคบังคับ | BC87: ดีเยี่ยม | BD87: ดีเยี่ยม | BE87: ผ่าน | BF87: พระวิสุทธิวงส์ | BG87: ปทุมธานี
A88: 1-1043-00927-75-5 | B88: เด็กหญิง | C88: ชลกร | D88: เพ็ชรพลอย | E88: ชลกร เพ็ชรพลอย | F88: 18715 | G88: 2.25 | K88: 99.38 | L88: 10 | M88: 10 | N88: 2.35 | O88: 15 | P88: 15 | Q88: 1.2 | R88: 20.5 | S88: 20.5 | T88: 2.46 | U88: 15 | V88: 15 | W88: 2.18 | X88: 6 | Y88: 6 | Z88: 2.41 | AA88: 6 | AB88: 6 | AC88: 3.16 | AD88: 4 | AE88: 4 | AF88: 2.87 | AG88: 9 | AH88: 9 | AI88: 2.16 | AJ88: นายสนทยา เพ็ชรพลอย | AK88: นางสาวพิทยาธร ยาคำ | AL88: 237144 | AM88: 2563 | AN88: 2 | AO88: ม.3/3 | AP88: 22 | AQ88: 1 | AR88: 39 | AS88: 1 | AT88: 404 | AU88: 242622 | AV88: 242622 | AW88: จบการศึกษาภาคบังคับ | BC88: ดีเยี่ยม | BD88: ดีเยี่ยม | BE88: ผ่าน | BF88: วัดราษฎร์ศรัทธาราม | BG88: ปทุมธานี
A89: 1-2604-01157-58-6 | B89: นางสาว | C89: ฐิติรัตน์ | D89: ยังศิริ | E89: ฐิติรัตน์ ยังศิริ | F89: 18716 | G89: 2.34 | K89: 99.38 | L89: 10 | M89: 10 | N89: 2.3 | O89: 15 | P89: 15 | Q89: 1.9 | R89: 20.5 | S89: 20.5 | T89: 2.31 | U89: 15 | V89: 15 | W89: 2.53 | X89: 6 | Y89: 6 | Z89: 2.75 | AA89: 6 | AB89: 6 | AC89: 3.54 | AD89: 4 | AE89: 4 | AF89: 2.62 | AG89: 9 | AH89: 9 | AI89: 1.5 | AJ89: นายสาโรจน์ ยังศิริ | AK89: นางสุกัญญา ยังศิริ | AL89: 236907 | AM89: 2563 | AN89: 2 | AO89: ม.3/3 | AP89: 23 | AQ89: 1 | AR89: 39 | AS89: 1 | AT89: 404 | AU89: 242622 | AV89: 242622 | AW89: จบการศึกษาภาคบังคับ | BC89: ดีเยี่ยม | BD89: ดีเยี่ยม | BE89: ผ่าน | BF89: วัดสุวรรณ | BG89: ปทุมธานี
... A133: 1-1389-00018-66-1 | B133: นางสาว | C133: พิมพ์วรีย์ | D133: สมจิตร | E133: พิมพ์วรีย์ สมจิตร | F133: 18764 | G133: 2.4 | K133: 99.38 | L133: 9 | M133: 9 | N133: 2.41 | O133: 15 | P133: 15 | Q133: 1.76 | R133: 14 | S133: 14 | T133: 1.89 | U133: 15 | V133: 15 | W133: 2.33 | X133: 6 | Y133: 6 | Z133: 2.91 | AA133: 6 | AB133: 6 | AC133: 3.16 | AD133: 3 | AE133: 3 | AF133: 3.66 | AG133: 18.5 | AH133: 18.5 | AI133: 2.56 | AJ133: นายกอบชัย สมจิตร | AK133: นางสาวพิมพิไล เนาว์ประเสริฐ | AL133: 236818 | AM133: 2563 | AN133: 2 | AO133: ม.3/4 | AP133: 33 | AQ133: 1 | AR133: 40 | AS133: 1 | AT133: 404 | AU133: 242622 | AV133: 242622 | AW133: จบการศึกษาภาคบังคับ | BC133: ดีเยี่ยม | BD133: ดีเยี่ยม | BE133: ผ่าน | BF133: วงศ์ไพฑูรย์วิทยา | BG133: ปทุมธานี
A134: 1-1043-00906-08-1 | B134: นางสาว | C134: ภัชรีภรณ์ | D134: กุลวงค์ | E134: ภัชรีภรณ์ กุลวงค์ | F134: 18765 | G134: 1.66 | K134: 99.38 | L134: 9 | M134: 7.5 | N134: 1.33 | O134: 15 | P134: 15 | Q134: 1.38 | R134: 14 | S134: 12.5 | T134: 1.41 | U134: 15 | V134: 11.5 | W134: 1.33 | X134: 6 | Y134: 6 | Z134: 2.37 | AA134: 6 | AB134: 5.5 | AC134: 2.5 | AD134: 3 | AE134: 3 | AF134: 1.83 | AG134: 17.5 | AH134: 16 | AI134: 1.94 | AJ134: นายสุพี กุลวงค์ | AK134: นางประภาพร กุลวงค์ | AL134: 237042 | AM134: 2563 | AN134: 2 | AO134: ม.3/4 | AP134: 34 | AQ134: 1 | AR134: 40 | AS134: 1 | AT134: 404 | BC134: ดีเยี่ยม | BD134: ดีเยี่ยม | BE134: ผ่าน | BF134: สิงห์โคกดงมันเหล่างามวิทยาคม | BG134: ร้อยเอ็ด
A135: 1-1398-00096-60-1 | B135: นางสาว | C135: ภิรมย์พร | D135: ฉิมพลี | E135: ภิรมย์พร ฉิมพลี | F135: 18766 | G135: 2.06 | K135: 99.38 | L135: 9 | M135: 9 | N135: 2.25 | O135: 15 | P135: 15 | Q135: 1.43 | R135: 14 | S135: 14 | T135: 1.71 | U135: 15 | V135: 15 | W135: 2.01 | X135: 6 | Y135: 6 | Z135: 2.12 | AA135: 6 | AB135: 6 | AC135: 3.41 | AD135: 3 | AE135: 3 | AF135: 1.66 | AG135: 18.5 | AH135: 18.5 | AI135: 2.36 | AJ135: นายราเชนทร์ ฉิมพลี | AK135: นางสาวกฤษฎาพร เหลืองมิวาย | AL135: 236978 | AM135: 2563 | AN135: 2 | AO135: ม.3/4 | AP135: 35 | AQ135: 1 | AR135: 40 | AS135: 1 | AT135: 404 | AU135: 242622 | AV135: 242622 | AW135: จบการศึกษาภาคบังคับ | BC135: ดีเยี่ยม | BD135: ดีเยี่ยม | BE135: ผ่าน | BF135: ธัญวิทยา (ตงมิ้น) | BG135: ปทุมธานี
A136: 1-1396-00367-77-6 | B136: เด็กหญิง | C136: มนัสวี | D136: คนเสงี่ยม | E136: มนัสวี คนเสงี่ยม | F136: 18767 | G136: 3.39 | K136: 99.38 | L136: 9 | M136: 9 | N136: 3.5 | O136: 15 | P136: 15 | Q136: 2.75 | R136: 14 | S136: 14 | T136: 3.5 | U136: 15 | V136: 15 | W136: 3.05 | X136: 6 | Y136: 6 | Z136: 3.54 | AA136: 6 | AB136: 6 | AC136: 3.79 | AD136: 3 | AE136: 3 | AF136: 3.83 | AG136: 18.5 | AH136: 18.5 | AI136: 3.75 | AJ136: นายรุ่งโรจน์ คนเสงี่ยม | AK136: นางสาวมะลิวัลย์ พุ่มพวง | AL136: 237182 | AM136: 2563 | AN136: 2 | AO136: ม.3/4 | AP136: 36 | AQ136: 1 | AR136: 40 | AS136: 1 | AT136: 404 | AU136: 242622 | AV136: 242622 | AW136: จบการศึกษาภาคบังคับ | BC136: ดีเยี่ยม | BD136: ดีเยี่ยม | BE136: ผ่าน | BF136: พระวิสุทธิวงส์ | BG136: ปทุมธานี
A137: 1-1299-01950-04-7 | B137: นางสาว | C137: รุ่งรัตน์ | D137: เจริญภักดี | E137: รุ่งรัตน์ เจริญภักดี | F137: 18768 | G137: 1.56 | K137: 99.38 | L137: 9 | M137: 9 | N137: 1.5 | O137: 15 | P137: 15 | Q137: 1 | R137: 14 | S137: 14 | T137: 1.41 | U137: 15 | V137: 15 | W137: 1.68 | X137: 6 | Y137: 6 | Z137: 2.25 | AA137: 6 | AB137: 6 | AC137: 2.45 | AD137: 3 | AE137: 3 | AF137: 1.33 | AG137: 18.5 | AH137: 18.5 | AI137: 1.36 | AJ137: นายสมใจ เจริญภักดี | AK137: นางยุพิน แจ้งมงคล | AL137: 237045 | AM137: 2563 | AN137: 2 | AO137: ม.3/4 | AP137: 37 | AQ137: 1 | AR137: 40 | AS137: 1 | AT137: 404 | AU137: 242657 | AV137: 242657 | AW137: จบการศึกษาภาคบังคับ | BC137: ดีเยี่ยม | BD137: ดีเยี่ยม | BE137: ผ่าน | BF137: วัดประชุมราษฎร์ | BG137: ปทุมธานี
A138: 1-1043-00933-63-1 | B138: เด็กหญิง | C138: ศดานันท์ | D138: ศรีแก้วกูล | E138: ศดานันท์ ศรีแก้วกูล | F138: 18769 | G138: 3.19 | K138: 99.38 | L138: 9 | M138: 9 | N138: 3.33 | O138: 15 | P138: 15 | Q138: 2.6 | R138: 14 | S138: 14 | T138: 3.19 | U138: 15 | V138: 15 | W138: 3.25 | X138: 6 | Y138: 6 | Z138: 3.45 | AA138: 6 | AB138: 6 | AC138: 3.62 | AD138: 3 | AE138: 3 | AF138: 3.5 | AG138: 18.5 | AH138: 18.5 | AI138: 3.21 | AJ138: นายสมพงษ์ ศรีแก้วกูล | AK138: นางทองบ่อ ศรีแก้วกูล | AL138: 237169 | AM138: 2563 | AN138: 2 | AO138: ม.3/4 | AP138: 38 | AQ138: 1 | AR138: 40 | AS138: 1 | AT138: 404 | AU138: 242622 | AV138: 242622 | AW138: จบการศึกษาภาคบังคับ | BC138: ดีเยี่ยม | BD138: ดีเยี่ยม | BE138: ผ่าน | BF138: วัดราษฎร์ศรัทธาราม | BG138: ปทุมธานี
A139: 1-3098-01504-44-2 | B139: นางสาว | C139: อริสา | D139: ชาญสมัย | E139: อริสา ชาญสมัย | F139: 18771 | G139: 3.07 | K139: 99.38 | L139: 9 | M139: 9 | N139: 2.83 | O139: 15 | P139: 15 | Q139: 2.61 | R139: 14 | S139: 14 | T139: 3.05 | U139: 15 | V139: 15 | W139: 2.86 | X139: 6 | Y139: 6 | Z139: 3.66 | AA139: 6 | AB139: 6 | AC139: 3.58 | AD139: 3 | AE139: 3 | AF139: 3.66 | AG139: 18.5 | AH139: 18.5 | AI139: 3.2 | AJ139: นายบุญเลิศ เพ็ชรแก้ว | AK139: นางสาวกนกวรรณ ชาญสมัย | AL139: 236911 | AM139: 2563 | AN139: 2 | AO139: ม.3/4 | AP139: 39 | AQ139: 1 | AR139: 40 | AS139: 1 | AT139: 404 | AU139: 242622 | AV139: 242622 | AW139: จบการศึกษาภาคบังคับ | BC139: ดีเยี่ยม | BD139: ดีเยี่ยม | BE139: ผ่าน | BF139: พรพระร่วงประสิทธิ์
A140: 1-1299-01960-61-1 | B140: เด็กชาย | C140: กิติกวิน | D140: ฉิมเทศ | E140: กิติกวิน ฉิมเทศ | F140: 18772 | G140: 1.94 | K140: 99.38 | L140: 9 | M140: 9 | N140: 2.33 | O140: 15 | P140: 15 | Q140: 1.4 | R140: 14 | S140: 14 | T140: 1.82 | U140: 15 | V140: 15 | W140: 1.98 | X140: 6 | Y140: 6 | Z140: 2.79 | AA140: 6 | AB140: 6 | AC140: 2.62 | AD140: 3 | AE140: 3 | AF140: 2.66 | AG140: 18.5 | AH140: 18.5 | AI140: 1.66 | AJ140: นายณรงค์ โยธาขันธ์ | AK140: นางสาวเกศรินทร์ ฉิมเทศ | AL140: 237115 | AM140: 2563 | AN140: 2 | AO140: ม.3/5 | AP140: 2 | AQ140: 1 | AR140: 37 | AS140: 1 | AT140: 404 | AU140: 242622 | AV140: 242622 | AW140: จบการศึกษาภาคบังคับ | BC140: ดีเยี่ยม | BD140: ดีเยี่ยม | BE140: ผ่าน | BF140: วัดประชุมราษฏร์ | BG140: ปทุมธานี
A141: 1-1042-00478-43-6 | B141: นาย | C141: กิตติภพ | D141: เงาภู่ทอง | E141: กิตติภพ เงาภู่ทอง | F141: 18773 | G141: 3.2 | K141: 99.38 | L141: 9 | M141: 9 | N141: 3.66 | O141: 15 | P141: 15 | Q141: 2.81 | R141: 14 | S141: 14 | T141: 3.39 | U141: 15 | V141: 15 | W141: 3.21 | X141: 6 | Y141: 6 | Z141: 3.7 | AA141: 6 | AB141: 6 | AC141: 3.83 | AD141: 3 | AE141: 3 | AF141: 3.5 | AG141: 18.5 | AH141: 18.5 | AI141: 2.79 | AJ141: นายยอด เงาภู่ทอง | AK141: นางกัลยา ถาดทอง | AL141: 236923 | AM141: 2563 | AN141: 2 | AO141: ม.3/5 | AP141: 3 | AQ141: 1 | AR141: 37 | AS141: 1 | AT141: 404 | AU141: 242622 | AV141: 242622 | AW141: จบการศึกษาภาคบังคับ | BC141: ดีเยี่ยม | BD141: ดีเยี่ยม | BE141: ผ่าน | BF141: ปิยวัฒนศาสตร์ | BG141: ปทุมธานี
A142: 1-1005-01664-37-5 | B142: นาย | C142: กิติรักษ์ | D142: โหมดตาด | E142: กิติรักษ์ โหมดตาด | F142: 18774 | G142: 2.02 | K142: 99.38 | L142: 9 | M142: 9 | N142: 2.25 | O142: 15 | P142: 15 | Q142: 1.71 | R142: 14 | S142: 14 | T142: 2 | U142: 15 | V142: 15 | W142: 2.46 | X142: 6 | Y142: 6 | Z142: 2.62 | AA142: 6 | AB142: 6 | AC142: 2.83 | AD142: 3 | AE142: 3 | AF142: 2.66 | AG142: 18.5 | AH142: 18.5 | AI142: 1.27 | AJ142: นายเฉลย โหมดตาด | AK142: นางสุดารัตน์ สรสิทธิ์ | AL142: 236917 | AM142: 2563 | AN142: 2 | AO142: ม.3/5 | AP142: 4 | AQ142: 1 | AR142: 37 | AS142: 1 | AT142: 404 | AU142: 242622 | AV142: 242622 | AW142: จบการศึกษาภาคบังคับ | BC142: ดีเยี่ยม | BD142: ดีเยี่ยม | BE142: ผ่าน | BF142: วัดลำกะดาน | BG142: กรุงเทพมหานคร
A143: 1-1027-00830-54-4 | B143: นาย | C143: จุลจักร | D143: ยมนา | E143: จุลจักร ยมนา | F143: 18775 | G143: 2.07 | K143: 99.38 | L143: 9 | M143: 9 | N143: 2.41 | O143: 15 | P143: 15 | Q143: 1.56 | R143: 14 | S143: 14 | T143: 1.87 | U143: 15 | V143: 15 | W143: 2.53 | X143: 6 | Y143: 6 | Z143: 2.79 | AA143: 6 | AB143: 6 | AC143: 3.08 | AD143: 3 | AE143: 3 | AF143: 3 | AG143: 18.5 | AH143: 18.5 | AI143: 1.32 | AJ143: นายชาติชาย ยมนา | AK143: นางสาวธีรนารถ อินทรธรรม | AL143: 236665 | AM143: 2563 | AN143: 2 | AO143: ม.3/5 | AP143: 5 | AQ143: 1 | AR143: 37 | AS143: 1 | AT143: 404 | AU143: 242622 | AV143: 242622 | AW143: จบการศึกษาภาคบังคับ | BC143: ดีเยี่ยม | BD143: ดีเยี่ยม | BE143: ผ่าน | BF143: วัดลำกะดาน | BG143: กรุงเทพมหานคร
A144: 1-6599-02287-15-1 | B144: นาย | C144: ชาญชัย | D144: ลิ้มรส | E144: ชาญชัย ลิ้มรส | F144: 18776 | G144: 2.2 | K144: 99.38 | L144: 9 | M144: 9 | N144: 2.16 | O144: 15 | P144: 15 | Q144: 2.06 | R144: 14 | S144: 14 | T144: 2.21 | U144: 15 | V144: 15 | W144: 2.21 | X144: 6 | Y144: 6 | Z144: 3.16 | AA144: 6 | AB144: 6 | AC144: 2.87 | AD144: 3 | AE144: 3 | AF144: 2.83 | AG144: 18.5 | AH144: 18.5 | AI144: 1.56 | AJ144: นายชัยรัตน์ ลิ้มรส | AK144: นางสาวทะเล เชิดชู | AL144: 236842 | AM144: 2563 | AN144: 2 | AO144: ม.3/5 | AP144: 6 | AQ144: 1 | AR144: 37 | AS144: 1 | AT144: 404 | AU144: 242622 | AV144: 242622 | AW144: จบการศึกษาภาคบังคับ | BC144: ดีเยี่ยม | BD144: ดีเยี่ยม | BE144: ผ่าน | BF144: วัดประชุมราษฏร์ | BG144: ปทุมธานี
A145: 1-2299-01134-00-1 | B145: นาย | C145: ชินพัฒน์ | D145: แก้วม่วง | E145: ชินพัฒน์ แก้วม่วง | F145: 18777 | G145: 2.1 | K145: 99.38 | L145: 9 | M145: 9 | N145: 2.41 | O145: 15 | P145: 15 | Q145: 1.4 | R145: 14 | S145: 14 | T145: 2.12 | U145: 15 | V145: 15 | W145: 2.3 | X145: 6 | Y145: 6 | Z145: 2.95 | AA145: 6 | AB145: 6 | AC145: 3 | AD145: 3 | AE145: 3 | AF145: 3.33 | AG145: 18.5 | AH145: 18.5 | AI145: 1.52 | AJ145: นายชัยวัฒน์ ทองเพ็ง | AK145: นางสาวชีวานันท์ แก้วม่วง | AL145: 236961 | AM145: 2563 | AN145: 2 | AO145: ม.3/5 | AP145: 7 | AQ145: 1 | AR145: 37 | AS145: 1 | AT145: 404 | AU145: 242622 | AV145: 242622 | AW145: จบการศึกษาภาคบังคับ | BC145: ดีเยี่ยม | BD145: ดีเยี่ยม | BE145: ผ่าน | BF145: สหราษฏร์บำรุง | BG145: ปทุมธานี
A146: 1-1037-04021-30-7 | B146: นาย | C146: ดบัสวิน | D146: ศิริยานต์ | E146: ดบัสวิน ศิริยานต์ | F146: 18779 | G146: 2.21 | K146: 99.38 | L146: 9 | M146: 9 | N146: 2.33 | O146: 15 | P146: 15 | Q146: 2.25 | R146: 14 | S146: 14 | T146: 1.8 | U146: 15 | V146: 15 | W146: 2.25 | X146: 6 | Y146: 6 | Z146: 2.91 | AA146: 6 | AB146: 6 | AC146: 2.62 | AD146: 3 | AE146: 3 | AF146: 2.16 | AG146: 18.5 | AH146: 18.5 | AI146: 2.09 | AJ146: - | AK146: นางสาวอมลวรรณ ศิริกิติรัตน์ | AL146: 236938 | AM146: 2563 | AN146: 2 | AO146: ม.3/5 | AP146: 8 | AQ146: 1 | AR146: 37 | AS146: 1 | AT146: 404 | AU146: 242622 | AV146: 242622 | AW146: จบการศึกษาภาคบังคับ | BC146: ดีเยี่ยม | BD146: ดีเยี่ยม | BE146: ผ่าน | BF146: ออเงิน(อ่อน-เหม อนุสรณ์) | BG146: กรุงเทพมหานคร
A147: 1-1005-01667-01-3 | B147: นาย | C147: ธนิสร | D147: ใสฮาต | E147: ธนิสร ใสฮาต | F147: 18780 | G147: 3.86 | K147: 99.38 | L147: 9 | M147: 9 | N147: 4 | O147: 15 | P147: 15 | Q147: 3.96 | R147: 14 | S147: 14 | T147: 3.76 | U147: 15 | V147: 15 | W147: 3.6 | X147: 6 | Y147: 6 | Z147: 3.75 | AA147: 6 | AB147: 6 | AC147: 3.91 | AD147: 3 | AE147: 3 | AF147: 3.83 | AG147: 18.5 | AH147: 18.5 | AI147: 4 | AJ147: ร้อยโท วัชระ ใสฮาต | AK147: นางจีรภัทร์ ฟักเทศ | AL147: 236984 | AM147: 2563 | AN147: 2 | AO147: ม.3/5 | AP147: 9 | AQ147: 1 | AR147: 37 | AS147: 1 | AT147: 404 | AU147: 242622 | AV147: 242622 | AW147: จบการศึกษาภาคบังคับ | BC147: ดีเยี่ยม | BD147: ดีเยี่ยม | BE147: ผ่าน | BF147: ฤทธิยะวรรณาลัย | BG147: กรุงเทพมหานคร
A148: 1-1042-00510-02-0 | B148: เด็กชาย | C148: ธิติพงษ์ | D148: บานชื่น | E148: ธิติพงษ์ บานชื่น | F148: 18781 | G148: 2.41 | K148: 99.38 | L148: 9 | M148: 9 | N148: 2.5 | O148: 15 | P148: 15 | Q148: 2.18 | R148: 14 | S148: 14 | T148: 2.6 | U148: 15 | V148: 15 | W148: 2.36 | X148: 6 | Y148: 6 | Z148: 3.16 | AA148: 6 | AB148: 6 | AC148: 3.12 | AD148: 3 | AE148: 3 | AF148: 2.83 | AG148: 18.5 | AH148: 18.5 | AI148: 2.02 | AJ148: นายสมหวัง บานชื่น | AK148: นางสาวอุบล ศรีทรงเมือง | AL148: 237112 | AM148: 2563 | AN148: 2 | AO148: ม.3/5 | AP148: 10 | AQ148: 1 | AR148: 37 | AS148: 1 | AT148: 404 | AU148: 242622 | AV148: 242622 | AW148: จบการศึกษาภาคบังคับ | BC148: ดีเยี่ยม | BD148: ดีเยี่ยม | BE148: ผ่าน | BF148: ชุมชนเลิศพินิจพิทยาคม | BG148: ปทุมธานี
A149: 1-1007-03758-93-1 | B149: นาย | C149: พงศธร | D149: สุพา | E149: พงศธร สุพา | F149: 18782 | G149: 2.06 | K149: 99.38 | L149: 9 | M149: 9 | N149: 2.33 | O149: 15 | P149: 15 | Q149: 1.63 | R149: 14 | S149: 14 | T149: 1.94 | U149: 15 | V149: 15 | W149: 2.35 | X149: 6 | Y149: 6 | Z149: 3.12 | AA149: 6 | AB149: 6 | AC149: 2.79 | AD149: 3 | AE149: 3 | AF149: 3 | AG149: 18.5 | AH149: 18.5 | AI149: 1.41 | AJ149: นายสุพรรณ์ สุพา | AK149: นางจันทร์ทร สุพา | AL149: 236906 | AM149: 2563 | AN149: 2 | AO149: ม.3/5 | AP149: 11 | AQ149: 1 | AR149: 37 | AS149: 1 | AT149: 404 | AU149: 242622 | AV149: 242622 | AW149: จบการศึกษาภาคบังคับ | BC149: ดีเยี่ยม | BD149: ดีเยี่ยม | BE149: ผ่าน | BF149: ธัญวิทยา(ตงมิ้น) | BG149: ปทุมธานี
A150: 1-4699-00735-45-0 | B150: นาย | C150: พิทักษ์ | D150: ฤทธิแผลง | E150: พิทักษ์ ฤทธิแผลง | F150: 18783 | G150: 3.1 | K150: 99.38 | L150: 9 | M150: 9 | N150: 3.5 | O150: 15 | P150: 15 | Q150: 2.55 | R150: 14 | S150: 14 | T150: 2.78 | U150: 15 | V150: 15 | W150: 3.03 | X150: 6 | Y150: 6 | Z150: 3.2 | AA150: 6 | AB150: 6 | AC150: 3.79 | AD150: 3 | AE150: 3 | AF150: 3.5 | AG150: 18.5 | AH150: 18.5 | AI150: 3.33 | AJ150: นายประวิท ฤทธิแผลง | AK150: นางสมพร ฤทธิแผลง | AL150: 237143 | AM150: 2563 | AN150: 2 | AO150: ม.3/5 | AP150: 12 | AQ150: 1 | AR150: 37 | AS150: 1 | AT150: 404 | AU150: 242622 | AV150: 242622 | AW150: จบการศึกษาภาคบังคับ | BC150: ดีเยี่ยม | BD150: ดีเยี่ยม | BE150: ผ่าน | BF150: เทศบาล1(ขจรเนติยุทธ) | BG150: ปทุมธานี
A151: 1-1042-00507-75-4 | B151: นาย | C151: มงคลชัย | D151: พรมดวงดี | E151: มงคลชัย พรมดวงดี | F151: 18784 | G151: 1.95 | K151: 99.38 | L151: 9 | M151: 9 | N151: 2.08 | O151: 15 | P151: 15 | Q151: 1.73 | R151: 14 | S151: 14 | T151: 1.94 | U151: 15 | V151: 15 | W151: 1.83 | X151: 6 | Y151: 6 | Z151: 2.7 | AA151: 6 | AB151: 6 | AC151: 2.75 | AD151: 3 | AE151: 3 | AF151: 2.16 | AG151: 18.5 | AH151: 18.5 | AI151: 1.62 | AJ151: นายมงคล พรมดวงดี | AK151: นางสมคิด พรมดวงดี | AL151: 237101 | AM151: 2563 | AN151: 2 | AO151: ม.3/5 | AP151: 13 | AQ151: 1 | AR151: 37 | AS151: 1 | AT151: 404 | AU151: 242657 | AV151: 242657 | AW151: จบการศึกษาภาคบังคับ | BC151: ดีเยี่ยม | BD151: ดีเยี่ยม | BE151: ผ่าน | BF151: ผ่องสุวรรณวิทยา | BG151: ปทุมธานี
... A157: 1-2093-01191-15-2 | B157: เด็กหญิง | C157: แก้วตา | D157: แสงสุธา | E157: แก้วตา แสงสุธา | F157: 18790 | G157: 2.54 | K157: 99.38 | L157: 9 | M157: 9 | N157: 3.16 | O157: 15 | P157: 15 | Q157: 1.9 | R157: 14 | S157: 14 | T157: 2.69 | U157: 15 | V157: 15 | W157: 2.55 | X157: 6 | Y157: 6 | Z157: 3.29 | AA157: 6 | AB157: 6 | AC157: 3.45 | AD157: 3 | AE157: 3 | AF157: 3 | AG157: 18.5 | AH157: 18.5 | AI157: 2.13 | AJ157: นายจะนู อาสาม | AK157: นางสาวเพชรไพลิน แสงสุธา | AL157: 237168 | AM157: 2563 | AN157: 2 | AO157: ม.3/5 | AP157: 19 | AQ157: 1 | AR157: 37 | AS157: 1 | AT157: 404 | AU157: 242622 | AV157: 242622 | AW157: จบการศึกษาภาคบังคับ | BC157: ดีเยี่ยม | BD157: ดีเยี่ยม | BE157: ผ่าน | BF157: วัดปัญจทายิกาวาส | BG157: ปทุมธานี
A158: 1-7387-00048-97-8 | B158: นางสาว | C158: เขมิกา | D158: บุญทวี | E158: เขมิกา บุญทวี | F158: 18791 | G158: 1.57 | K158: 99.38 | L158: 9 | M158: 7.5 | N158: 2 | O158: 15 | P158: 13.5 | Q158: 1.16 | R158: 14 | S158: 11 | T158: 1.44 | U158: 15 | V158: 14.5 | W158: 1.81 | X158: 6 | Y158: 6 | Z158: 2.29 | AA158: 6 | AB158: 6 | AC158: 2.79 | AD158: 3 | AE158: 3 | AF158: 2 | AG158: 17.5 | AH158: 12.5 | AI158: 0.82 | AJ158: นายชัยยันต์ วรรณโชติ | AK158: นางสาวอัจฉรา บุญทวี | AL158: 236860 | AM158: 2563 | AN158: 2 | AO158: ม.3/5 | AP158: 20 | AQ158: 1 | AR158: 37 | AS158: 1 | AT158: 404 | BC158: ดีเยี่ยม | BD158: ดีเยี่ยม | BE158: ผ่าน | BF158: วัดลำกะดาน | BG158: กรุงเทพมหานคร
A159: 1-1042-00489-77-2 | B159: นางสาว | C159: จินดาหรา | D159: อรัญสาร | E159: จินดาหรา อรัญสาร | F159: 18792 | G159: 3.46 | K159: 99.38 | L159: 9 | M159: 9 | N159: 3.75 | O159: 15 | P159: 15 | Q159: 2.9 | R159: 14 | S159: 14 | T159: 3.55 | U159: 15 | V159: 15 | W159: 3.36 | X159: 6 | Y159: 6 | Z159: 3.7 | AA159: 6 | AB159: 6 | AC159: 3.87 | AD159: 3 | AE159: 3 | AF159: 3.66 | AG159: 18.5 | AH159: 18.5 | AI159: 3.59 | AJ159: นายจิระวัฒน์ อรัญสาร | AK159: นางโสภิดา อรัญสาร | AL159: 236981 | AM159: 2563 | AN159: 2 | AO159: ม.3/5 | AP159: 21 | AQ159: 1 | AR159: 37 | AS159: 1 | AT159: 404 | AU159: 242622 | AV159: 242622 | AW159: จบการศึกษาภาคบังคับ | BC159: ดีเยี่ยม | BD159: ดีเยี่ยม | BE159: ผ่าน | BF159: วัดราษฎร์ศรัทธาราม | BG159: ปทุมธานี
A160: 1-1042-00515-94-3 | B160: เด็กหญิง | C160: ชนาพร | D160: ปานปู | E160: ชนาพร ปานปู | F160: 18795 | G160: 3.09 | K160: 99.38 | L160: 9 | M160: 9 | N160: 3.66 | O160: 15 | P160: 15 | Q160: 2.58 | R160: 14 | S160: 14 | T160: 3.33 | U160: 15 | V160: 15 | W160: 3.06 | X160: 6 | Y160: 6 | Z160: 3.83 | AA160: 6 | AB160: 6 | AC160: 3.75 | AD160: 3 | AE160: 3 | AF160: 3.5 | AG160: 18.5 | AH160: 18.5 | AI160: 2.48 | AJ160: นายอุดร ปานปู | AK160: นางมลทิพย์ ปานปู | AL160: 237156 | AM160: 2563 | AN160: 2 | AO160: ม.3/5 | AP160: 22 | AQ160: 1 | AR160: 37 | AS160: 1 | AT160: 404 | AU160: 242622 | AV160: 242622 | AW160: จบการศึกษาภาคบังคับ | BC160: ดีเยี่ยม | BD160: ดีเยี่ยม | BE160: ผ่าน | BF160: มูลนิธิภูมิตะวันวิทยา | BG160: ปทุมธานี
...

Sheet ม.667
A1: โรงเรียนเตรียมอุดมศึกษาพัฒนาการ ปทุมธานี
A2: รายชื่อนักเรียน ปีการศึกษา 2567 ภาคเรียนที่ 2 ชั้น ม. 6 ห้องที่ 1
A3: แผนการเรียนวิทยาศาสตร์สำหรับวิศวกรรมศาสตร์ คณะพัฒนาไทย (สีเขียว)
A4: วิขา..............................................................
A5: ครูที่ปรึกษา : นายธวัชชัย นาธะรัตน์
A6: ที่ | B6: เลขประจำตัว | C6: ชื่อ นามสกุล
A7: 1 | B7: 19301 | C7: นายเจษฎากร จำเนียรสวัสดิ์
A8: 2 | B8: 19439 | C8: นายอาเณช สิริบุญมโน
A9: 3 | B9: 19472 | C9: นายนัทธพงศ์ อุ่นชา
A10: 4 | B10: 19523 | C10: นายสราวุฒิ โสณมิตร
A11: 5 | B11: 19598 | C11: นายภูวิศ มาตรเลี่ยม
A12: 6 | B12: 19600 | C12: นายศุภวิชญ์ คำสองสี
A13: 7 | B13: 21484 | C13: นายชนธัญ สิทธิพงศ์
A14: 8 | B14: 21485 | C14: นายฐิติกร วิเศษชาติ
A15: 9 | B15: 21486 | C15: นายณัฐสิทธิ์ ใจยะ
A16: 10 | B16: 21487 | C16: นายนที ก๋งหวั่น
A17: 11 | B17: 21489 | C17: นายพัชรพล อินทะเดช
A18: 12 | B18: 21491 | C18: นายภาสกร ธรรมพันทา
... A34: 28 | B34: 21502 | C34: น.ส.อลิน หาญจางสิทธิ์
A35: โรงเรียนเตรียมอุดมศึกษาพัฒนาการ ปทุมธานี
A36: รายชื่อนักเรียน ปีการศึกษา 2567 ภาคเรียนที่ 2 ชั้น ม. 6 ห้องที่ 2
A37: แผนการเรียนวิทยาศาสตร์-คณิตศาสตร์ คณะผดุงศาสน์ (สีเหลือง)
A38: วิขา..............................................................
A39: ครูที่ปรึกษา : 1.นายเจตนา แจ่มดี
A40: ที่ | B40: เลขประจำตัว | C40: ชื่อ นามสกุล
A41: 1 | B41: 19221 | C41: นายธนกร บัวเจริญ
A42: 2 | B42: 19223 | C42: นายธนากุล บุตรวงษ์
A43: 3 | B43: 19232 | C43: นายเริงฤทธิ์ พูนดี
A44: 4 | B44: 19235 | C44: นายวศิน จันทร์โต
A45: 5 | B45: 19398 | C45: นายวรินทร ธนลาภสกุลกิจ
A46: 6 | B46: 19401 | C46: นายสุทธิพงศ์ พัฒน์ภักดีราชย์
A47: 7 | B47: 19403 | C47: นายอดิศักดิ์ มูลมา
A48: 8 | B48: 19424 | C48: นายณาญากร ห่วงประโคน
A49: 9 | B49: 19426 | C49: นายธันวา เข็มจันทร์
A50: 10 | B50: 19427 | C50: นายนฤบดี ศรีบรรเทา
A51: 11 | B51: 19433 | C51: นายศุภวิชญ์ มีคุณ
A52: 12 | B52: 19560 | C52: นายมนลิช วิเศษวุฒิ
... A81: 41 | B81: 19621 | C81: น.ส.อภิชญา อนุศาสนนันท์
A82: โรงเรียนเตรียมอุดมศึกษาพัฒนาการ ปทุมธานี
A83: รายชื่อนักเรียน ปีการศึกษา 2567 ภาคเรียนที่ 2 ชั้น ม. 6 ห้องที่ 3
A84: แผนการเรียนวิทยาศาสตร์-คณิตศาสตร์ คณะรักชาติ (สีแดง)
A85: วิขา..............................................................
A86: ครูที่ปรึกษา : 1.นางสาวณัฐธิดา เยาวลักษณ์โยธิน 2.นายวศิน สุธีระกูล
A87: ที่ | B87: เลขประจำตัว | C87: ชื่อ นามสกุล
A88: 1 | B88: 19237 | C88: นายศรัณยพงศ์ เย็นสำราญ
A89: 2 | B89: 19345 | C89: นายต่อศักดิ์ เเสงอุทัย
A90: 3 | B90: 19507 | C90: นายก้องภพ ละออนวล
A91: 4 | B91: 19519 | C91: นายปกรณ์ พรหมมัญ
A92: 5 | B92: 19556 | C92: นายนภัสรพีภัส พูลคุ้ม
A93: 6 | B93: 19557 | C93: นายนัทธวัฒน์ งามโฉม
A94: 7 | B94: 19592 | C94: นายณัฐพล รักธรรม
A95: 8 | B95: 21505 | C95: นายเทวนาถ จูบุญส่ง
A96: 9 | B96: 21506 | C96: นายพัศคมน์ เฟื่องเดช
A97: 10 | B97: 21507 | C97: นายอาริยะ ประทุม
A98: 11 | B98: 19245 | C98: น.ส.นฐพร เริงกมล
A99: 12 | B99: 19249 | C99: น.ส.ปาลิตา อร่าม
... A126: 39 | B126: 22231 | C126: น.ส.รัชฎาพร ทองพาด
A127: โรงเรียนเตรียมอุดมศึกษาพัฒนาการ ปทุมธานี
A128: รายชื่อนักเรียน ปีการศึกษา 2567 ภาคเรียนที่ 2 ชั้น ม. 6 ห้องที่ 4
A129: แผนการเรียนวิทยาศาสตร์-คณิตศาสตร์ คณะเทิดกษัตริย์ (สีฟ้า)
A130: วิขา..............................................................
A131: ครูที่ปรึกษา : 1.นางปวีณา เบ็ญจวรรณ 2.นายวัฒนา รุ่งศรี
A132: ที่ | B132: เลขประจำตัว | C132: ชื่อ นามสกุล
A133: 1 | B133: 19303 | C133: นายณุชา พุ่มดนตรี
A134: 2 | B134: 19313 | C134: นายวรานนท์ นกเที่ยง
A135: 3 | B135: 19429 | C135: นายปรเมศวร์ เนินผล
A136: 4 | B136: 19480 | C136: นายภูวิศ ศรีสุขเจริญพร
A137: 5 | B137: 19593 | C137: นายธาดา พันธุ์วิชัย
A138: 6 | B138: 21070 | C138: นายศิรชัช พรมส้มซ่า
A139: 7 | B139: 21517 | C139: นายกิตติคุณ อ่ำศรี
A140: 8 | B140: 21518 | C140: นายพัฒนพงษ์​ มะโน​รัตน์​
A141: 9 | B141: 21520 | C141: นายวัชรพล สถาพร
A142: 10 | B142: 21521 | C142: นายอานนท์ เรือนก้อน
A143: 11 | B143: 21490 | C143: นายภานุวัฒน์ ชาวนา
A144: 12 | B144: 19195 | C144: น.ส.กาญจนศิริ โห้งาม
... A172: 40 | B172: 21532 | C172: น.ส.อรทัย แก้วคำ
A173: โรงเรียนเตรียมอุดมศึกษาพัฒนาการ ปทุมธานี
A174: รายชื่อนักเรียน ปีการศึกษา 2567 ภาคเรียนที่ 2 ชั้น ม. 6 ห้องที่ 5
A175: แผนการเรียนคณิตศาสตร์-ภาษาอังกฤษ คณะใฝ่คุณธรรม (สีม่วง)
A176: วิขา..............................................................
A177: ครูที่ปรึกษา : 1.นางสาวณภัทร์ชอร เพิกจร 2.นางสาวศิริวรรณ ผิวอ่อน
A178: ที่ | B178: เลขประจำตัว | C178: ชื่อ นามสกุล
A179: 1 | B179: 19187 | C179: นายภูริ แน่งน้อย
A180: 2 | B180: 19360 | C180: นายสิรภัทร เพชรไทย
A181: 3 | B181: 19400 | C181: นายสหพัฒน์ แซ่เซียว
A182: 4 | B182: 19425 | C182: นายธนดล บุตรเริ่ม
A183: 5 | B183: 19431 | C183: นายภาณุวัฒน์ น้อยเขียว
A184: 6 | B184: 19466 | C184: นายจิรานุวัฒน์ นวลจันทร์
A185: 7 | B185: 19470 | C185: นายธีรภัทร เอี่ยมเดช
A186: 8 | B186: 19517 | C186: นายนรบดี ลายคราม
A187: 9 | B187: 19551 | C187: นายชิติพัทธ์ กำจาย
A188: 10 | B188: 19552 | C188: นายธนกร แจ้งใจ
A189: 11 | B189: 19558 | C189: นายปทาน เสียงแจ้ว
A190: 12 | B190: 19562 | C190: นายสรสิทธิ์ ไพรบูรณ์
... A217: 39 | B217: 21538 | C217: น.ส.อรยา ใจแสน
A218: โรงเรียนเตรียมอุดมศึกษาพัฒนาการ ปทุมธานี
A219: รายชื่อนักเรียน ปีการศึกษา 2567 ภาคเรียนที่ 2 ชั้น ม. 6 ห้องที่ 6
A220: แผนการเรียนคณิตศาสตร์-ภาษาอังกฤษ คณะเทิดกษัตริย์ (สีฟ้า)
A221: วิขา..............................................................
A222: ครูที่ปรึกษา : 1.นางสาวประภัสสร แสงไสย์ 2.นางสาวสุมณฑา สงจันทร์
...

Sheet จำนวนนักเรียน
A1: รายงานข้อมูลนักเรียนโรงเรียนเตรียมอุดมศึกษาพัฒนาการ ปทุมธานี ปีการศึกษา 2560
C2: ชั้น/ห้อง | D2: ชาย | E2: หญิง | F2: รวม
C3: 1/1 | D3: 36 | E3: 12 | F3: =+E3+D3 -> 48
C4: 1/2 | D4: 30 | E4: 16 | F4: =+E4+D4 -> 46
C5: 1/3 | D5: 29 | E5: 17 | F5: =+E5+D5 -> 46
C6: 1/4 | D6: 24 | E6: 20 | F6: =+E6+D6 -> 44
C7: 1/5 | D7: 26 | E7: 20 | F7: =+E7+D7 -> 46
C8: 1/6 | D8: 18 | E8: 28 | F8: =+E8+D8 -> 46
C9: 1/7 | D9: 18 | E9: 28 | F9: =+E9+D9 -> 46
C10: 1/8 | D10: 17 | E10: 29 | F10: =+E10+D10 -> 46
C11: 1/9 | D11: 17 | E11: 29 | F11: =+E11+D11 -> 46
C12: 1/10 | D12: 2 | E12: 7 | F12: =+E12+D12 -> 9
C13: 1/11 | D13: 15 | E13: 21 | F13: =+E13+D13 -> 36
C14: รวม | D14: =SUM(D3:D13) -> 232 | E14: =SUM(E3:E13) -> 227 | F14: =SUM(F3:F13) -> 459
C15: 2/1 | D15: 31 | E15: 11 | F15: =+E15+D15 -> 42
C16: 2/2 | D16: 29 | E16: 13 | F16: =+E16+D16 -> 42
C17: 2/3 | D17: 27 | E17: 13 | F17: =+E17+D17 -> 40
C18: 2/4 | D18: 19 | E18: 26 | F18: =+E18+D18 -> 45
C19: 2/5 | D19: 23 | E19: 22 | F19: =+E19+D19 -> 45
C20: 2/6 | D20: 21 | E20: 23 | F20: =+E20+D20 -> 44
C21: 2/7 | D21: 21 | E21: 21 | F21: =+E21+D21 -> 42
C22: 2/8 | D22: 24 | E22: 20 | F22: =+E22+D22 -> 44
C23: 2/9 | D23: 18 | E23: 24 | F23: =+E23+D23 -> 42
C24: 2/10 | D24: 19 | E24: 24 | F24: =+E24+D24 -> 43
C25: 2/11 | D25: 13 | E25: 21 | F25: =+E25+D25 -> 34
C26: รวม | D26: =SUM(D15:D25) -> 245 | E26: =SUM(E15:E25) -> 218 | F26: =SUM(F15:F25) -> 463
C27: 3/1 | D27: 24 | E27: 14 | F27: =+E27+D27 -> 38
C28: 3/2 | D28: 22 | E28: 14 | F28: =+E28+D28 -> 36
C29: 3/3 | D29: 30 | E29: 11 | F29: =+E29+D29 -> 41
C30: 3/4 | D30: 21 | E30: 17 | F30: =+E30+D30 -> 38
C31: 3/5 | D31: 26 | E31: 8 | F31: =+E31+D31 -> 34
C32: 3/6 | D32: 25 | E32: 14 | F32: =+E32+D32 -> 39
C33: 3/7 | D33: 13 | E33: 22 | F33: =+E33+D33 -> 35
C34: 3/8 | D34: 17 | E34: 27 | F34: =+E34+D34 -> 44
C35: 3/9 | D35: 23 | E35: 15 | F35: =+E35+D35 -> 38
C36: 3/10 | D36: 14 | E36: 29 | F36: =+E36+D36 -> 43
C37: 3/11 | D37: 17 | E37: 19 | F37: =+E37+D37 -> 36
C38: รวม | D38: =SUM(D27:D37) -> 232 | E38: =SUM(E27:E37) -> 190 | F38: =SUM(F27:F37) -> 422
C39: 4/1 | D39: 17 | E39: 21 | F39: =+E39+D39 -> 38
C40: 4/2 | D40: 15 | E40: 22 | F40: =+E40+D40 -> 37
C41: 4/3 | D41: 12 | E41: 20 | F41: =+E41+D41 -> 32
C42: 4/4 | D42: 19 | E42: 19 | F42: =+E42+D42 -> 38
C43: 4/5 | D43: 13 | E43: 21 | F43: =+E43+D43 -> 34
C44: 4/6 | D44: 20 | E44: 25 | F44: =+E44+D44 -> 45
C45: 4/7 | D45: 18 | E45: 22 | F45: =+E45+D45 -> 40
C46: 4/8 | D46: 30 | E46: 13 | F46: =+E46+D46 -> 43
C47: 4/9 | D47: 12 | E47: 21 | F47: =+E47+D47 -> 33
C48: รวม | D48: =SUM(D39:D47) -> 156 | E48: =SUM(E39:E47) -> 184 | F48: =SUM(F39:F47) -> 340
C49: 5/1 | D49: 9 | E49: 33 | F49: =+E49+D49 -> 42
C50: 5/2 | D50: 27 | E50: 15 | F50: =+E50+D50 -> 42
C51: 5/3 | D51: 16 | E51: 23 | F51: =+E51+D51 -> 39
C52: 5/4 | D52: 13 | E52: 27 | F52: =+E52+D52 -> 40
C53: 5/5 | D53: 15 | E53: 22 | F53: =+E53+D53 -> 37
C54: 5/6 | D54: 18 | E54: 18 | F54: =+E54+D54 -> 36 | I54: หมายเหตุ
C55: 5/7 | D55: 1 | E55: 16 | F55: =+E55+D55 -> 17
C56: 5/8 | D56: 21 | E56: 16 | F56: =+E56+D56 -> 37
C57: รวม | D57: =SUM(D49:D56) -> 120 | E57: =SUM(E49:E56) -> 170 | F57: =SUM(F49:F56) -> 290 | H57: ชาย | I57: หญิง | J57: รวม
C58: 6/1 | D58: 11 | E58: 25 | F58: =+E58+D58 -> 36 | H58: =+D14+D26+D38 -> 709 | I58: =+E14+E26+E38 -> 635 | J58: =+H58+I58 -> 1344 | K58: รวม ม.ต้น
C59: 6/2 | D59: 10 | E59: 23 | F59: =+E59+D59 -> 33 | H59: =+D48+D57+D66 -> 374 | I59: =+E48+E57+E66 -> 558 | J59: =+H59+I59 -> 932 | K59: รวม ม.ปลาย
C60: 6/3 | D60: 10 | E60: 27 | F60: =+E60+D60 -> 37 | H60: =SUM(H58:H59) -> 1083 | I60: =SUM(I58:I59) -> 1193 | J60: =SUM(J58:J59) -> 2276 | K60: รวมทั้งหมด
C61: 6/4 | D61: 15 | E61: 29 | F61: =+E61+D61 -> 44
C62: 6/5 | D62: 17 | E62: 23 | F62: =+E62+D62 -> 40
C63: 6/6 | D63: 16 | E63: 19 | F63: =+E63+D63 -> 35
C64: 6/7 | D64: 9 | E64: 29 | F64: =+E64+D64 -> 38
C65: 6/8 | D65: 10 | E65: 29 | F65: =+E65+D65 -> 39
C66: รวม | D66: =SUM(D58:D65) -> 98 | E66: =SUM(E58:E65) -> 204 | F66: =SUM(F58:F65) -> 302 | I66: ข้อมูลปัจจุบัน 15 ก.ย. 60 | K66: (ใช้จริง)
C67: ยอดรวม | D67: =+D14+D26+D38+D48+D57+D66 -> 1083 | E67: =+E14+E26+E38+E48+E57+E66 -> 1193 | F67: =SUM(D67:E67) -> 2276 | H67: งานทะเบียน
A69: รายงานข้อมูลนักเรียนโรงเรียนเตรียมอุดมศึกษาพัฒนาการ ปทุมธานี ปีการศึกษา 2560
C70: ชั้น/ห้อง | D70: ชาย | E70: หญิง | F70: รวม
C71: 1/1 | D71: 36 | E71: 12 | F71: =+E71+D71 -> 48
C72: 1/2 | D72: 30 | E72: 16 | F72: =+E72+D72 -> 46
C73: 1/3 | D73: 29 | E73: 17 | F73: =+E73+D73 -> 46
C74: 1/4 | D74: 24 | E74: 20 | F74: =+E74+D74 -> 44
C75: 1/5 | D75: 26 | E75: 20 | F75: =+E75+D75 -> 46
C76: 1/6 | D76: 17 | E76: 28 | F76: =+E76+D76 -> 45
C77: 1/7 | D77: 18 | E77: 28 | F77: =+E77+D77 -> 46
C78: 1/8 | D78: 17 | E78: 29 | F78: =+E78+D78 -> 46
C79: 1/9 | D79: 17 | E79: 29 | F79: =+E79+D79 -> 46
C80: 1/10 | D80: 3 | E80: 6 | F80: =+E80+D80 -> 9
C81: 1/11 | D81: 15 | E81: 21 | F81: =+E81+D81 -> 36
C82: รวม | D82: =SUM(D71:D81) -> 232 | E82: =SUM(E71:E81) -> 226 | F82: =SUM(F71:F81) -> 458
C83: 2/1 | D83: 32 | E83: 11 | F83: =+E83+D83 -> 43
C84: 2/2 | D84: 29 | E84: 13 | F84: =+E84+D84 -> 42
C85: 2/3 | D85: 26 | E85: 11 | F85: =+E85+D85 -> 37
C86: 2/4 | D86: 19 | E86: 26 | F86: =+E86+D86 -> 45
C87: 2/5 | D87: 23 | E87: 22 | F87: =+E87+D87 -> 45
C88: 2/6 | D88: 21 | E88: 23 | F88: =+E88+D88 -> 44
C89: 2/7 | D89: 21 | E89: 21 | F89: =+E89+D89 -> 42
C90: 2/8 | D90: 23 | E90: 20 | F90: =+E90+D90 -> 43
C91: 2/9 | D91: 18 | E91: 24 | F91: =+E91+D91 -> 42
C92: 2/10 | D92: 18 | E92: 24 | F92: =+E92+D92 -> 42
C93: 2/11 | D93: 13 | E93: 21 | F93: =+E93+D93 -> 34
C94: รวม | D94: =SUM(D83:D93) -> 243 | E94: =SUM(E83:E93) -> 216 | F94: =SUM(F83:F93) -> 459
C95: 3/1 | D95: 24 | E95: 13 | F95: =+E95+D95 -> 37
C96: 3/2 | D96: 22 | E96: 14 | F96: =+E96+D96 -> 36
C97: 3/3 | D97: 30 | E97: 10 | F97: =+E97+D97 -> 40
C98: 3/4 | D98: 21 | E98: 17 | F98: =+E98+D98 -> 38
C99: 3/5 | D99: 25 | E99: 8 | F99: =+E99+D99 -> 33
C100: 3/6 | D100: 24 | E100: 14 | F100: =+E100+D100 -> 38
C101: 3/7 | D101: 13 | E101: 21 | F101: =+E101+D101 -> 34
...

Sheet Sheet11
B3: รายชื่อนักเรียน ไม่มีตัวตน
B4: 31 | C4: 22327 | D4: ด.ญ.วนิดา สิงหาบุตร | E4: ม.1/2 | F4: ลาออกไปเรียนม.1 ใหม่
B5: 17 | C5: 22513 | D5: ด.ช.สิรา แก้วชิน | E5: ม.1/7 | F5: ลาออก 24/2/2568
B6: 19 | C6: 22594 | D6: ด.ญ.กวินธิดา อาทิตย์วงศ์ | E6: ม.1/9 | F6: ลาออก 19/2/2568
B7: 34 | C7: 22610 | D7: ด.ญ.มาริษา เทียมเลิศ | E7: ม.1/9 | F7: ลาออก 2/12/2567 00012/353388
B8: 39 | C8: 22865 | D8: ด.ญ.ธัญรดา อาทิตย์วงศ์ | E8: ม.2/2 | F8: ลาออก 19/2/2568
B9: 27 | C9: 22015 | D9: ด.ญ.นิด ญวน | E9: ม.2/9 | F9: รอจากไป
B10: 11 | C10: 21138 | D10: ด.ช.วิทวัส จันทะคัด | E10: ม.3/2 | F10: ลาออก | G10: 00012/353383
B11: 28 | C11: 21153 | D11: ด.ญ.ปวัณรัตน์ อาจรุณ | E11: ม.3/2 | F11: กำลังหาที่เรียนใหม่
B12: 36 | C12: 22211 | D12: ด.ญ.จินห์จุฑา บุญพึ่ง | E12: ม./32 | F12: ลาออก | G12: 00012/353385
B13: 1 | C13: 21230 | D13: ด.ช.กฤต เสาร์มั่น | E13: ม.3/5 | F13: ลาออก | G13: 00012/353387
B14: 31 | C14: 20160 | D14: น.ส.พัชริดา สุวรรณประทีป | E14: ม.5/1 | F14: 00007/168447
B15: 27 | C15: 20193 | D15: น.ส.กัลยกร คำทวี | E15: ม.5/2 | F15: พักการเรียน (ป่วย) 27/12/2567
B16: 1 | C16: 19474 | D16: นายปกรณ์เกียรติ ลิขิตกิติกุล | E16: ม.5/6 | F16: ลาออก 22/1/2568 กศน.
B17: 5 | C17: 20094 | D17: นายชัยพร แก้วบุตรดา | E17: ม.5/10 | F17: ขาดเรียนนาน
B18: 32 | C18: 19315 | D18: นายศักดิ์สิทธิ์ ปรางบาง | E18: ม.6/10 | F18: ขาดเรียนนาน
A20: ลำดับ | B20: รายชื่อนักเรียน ไม่มีตัวตน (หลัง10 มิ.ย.68)
A21: 1 | B21: 40 | C21: 22910 | D21: ด.ญ.เอมมิกา ช่างปั้น | E21: ม.1/1 | F21: ลาออก | G21: ไปวัดสมุหราษฎร์
A22: 2 | B22: 32 | C22: 22902 | D22: ด.ญ.มนัสชนก มั่นคง | E22: ม.1/1 | F22: ลาออก
A23: 3 | B23: 39 | C23: 22949 | D23: ด.ญ.สุพัตรา ลัดทอง | E23: ม.1/2 | F23: ลาออก 30/10/2568 00014/362031
A24: 4 | B24: 35 | C24: 22985 | D24: ด.ญ.ยิ่งลักษณ์ ตรีวิเศษ | E24: ม.1/3 | F24: ลาออก 27/10/2568 00014/362028
A25: 5 | B25: 35 | C25: 23371 | D25: ด.ญ.ลัลล์ลลิตา คงขวัญเมือง | E25: ม.1/13 | F25: ลาออก 22/9/2568
A26: 6 | B26: 21 | C26: 23131 | D26: ด.ญ.ฉัตรทิพย์ สุขสมัย | E26: ม.1/7 | F26: ลาออก 14/7/2567 วัดทำเลทอง
A27: 7 | B27: 31 | C27: 23141 | D27: ด.ญ.พลอยณภา เชยโสภณ | E27: ม.1/7 | F27: ลาออก ทีปังกร
A28: 8 | B28: 33 | C28: 23183 | D28: ด.ญ.พิชชาภา ทิมเจริญ | E28: ม.1/8 | F28: ลาออก 27/10/2568 00014/362027
A29: 9 | B29: 29 | C29: 23219 | D29: ด.ญ.นริสรา คงศรี | E29: ม.1/9 | F29: พักการเรียน เรียนม.1ใหม่ปี2569
A30: 10 | B30: 35 | C30: 22293 | D30: ด.ญ.สุพิชฌา นิรงค์บุตร | E30: ม.2/1 | F30: ลาออก
A31: 11 | B31: 10 | C31: 22625 | D31: ด.ช.ปานัท สุวรรณรัตน์ | E31: ม.2/10 | F31: ลาออก สารสาสน์
A32: 12 | B32: 33 | C32: 22491 | D32: ด.ญ.มนัสชนก จันทร์นวล | E32: ม.2/6 | F32: ลาออก 27/10/2568 00014/362030
A33: 13 | B33: 15 | C33: 22431 | D33: ด.ช.ฤทธิเดช อุตตะมะ | E33: ม.2/5 | F33: ลาออก
... A36: 16 | B36: 24 | C36: 21853 | D36: ด.ญ.ธัญวรัตน์ หมัดประยูร | E36: ม.3/6 | F36: ลาออก4 กรกฎาคม 2568 00014/36219
A37: 17 | B37: 6 | C37: 21303 | D37: ด.ช.นพชัย สิริกานนท์ | E37: ม.3/7 | F37: ลาออก | G37: กศน.
A38: 18 | B38: 19 | C38: 21888 | D38: ด.ช.วินัย ไชยสาบ | E38: ม.3/7 เสียชีวิต
A39: 19 | B39: 30 | C39: 23394 | D39: น.ส.ณัฐวดี สุขปรี | E39: ม.4/2 | F39: ลาออก 31/10/2568 00007/753769
A40: 20 | B40: 17 | C40: 21157 | D40: น.ส.ภัทรธิดา ภิญโญยิ่ง | E40: ม.4/3 | F40: ลาออก เรียน ม.4 ใหม่
A41: 21 | B41: 8 | C41: 23418 | D41: นายคมชาญ คำดี | E41: ม.4/4 | F41: ลาออก 18 /9/2568 00007/753768
A42: 22 | B42: 9 | C42: 22864 | D42: นายศุภชัย สุนทอง | E42: ม.4/8 | F42: ลาออก เรียนอาชีวะ
A43: 23 | B43: 5 | C43: 23484 | D43: นายกรวิชญ์ จักรหล้า | E43: ม.4/9 | F43: ลาออก 18/7/2568
A44: 24 | B44: 1 | C44: 20213 | D44: นายรัตฉกุล วิบูลย์เจริญกิจจา | E44: ม.5/1 | F44: ลาออก
A45: 25 | B45: 38 | C45: 20632 | D45: น.ส.ณัฐกฤตา กราบทอง | E45: ม.5/10 | F45: ลาออก
A46: 26 | B46: 33 | C46: 22767 | D46: น.ส.ปวีณา โอผล | E46: ม.5/6 | F46: ลาออก 5/8/2568
A47: 27 | B47: 29 | C47: 20225 | D47: น.ส.สุพิชฌาย์ พลีการ | E47: ม.6/5 | F47: ลาออก 23/6/68 00007/753764 สอบเทียบได้
A48: 28 | B48: 8 | C48: 20209 | D48: นายชวนากร เสมาทัศน์ | E48: ม.6/5 | F48: ลาออก 23/7/2568 00007/753765 สอบเทียบ
B50: รายชื่อนักเรียน ไม่มีตัวตน (หลัง10 พ.ย.68)
A51: 1 | B51: 28 | C51: 21269 | D51: นายฐณภัทร เงาภู่ทอง | E51: ม.4/11 | F51: ลาออก17 12/2568 ประกอบอาชีพ

Sheet ม.666
A1: โรงเรียนเตรียมอุดมศึกษาพัฒนาการ ปทุมธานี
A2: รายชื่อนักเรียน ปีการศึกษา 2566 ภาคเรียนที่ 2 ชั้น ม.6 ห้องที่ 1
A3: แผนการเรียนวิทยาศาสตร์สำหรับวิศวกรรมศาสตร์ คณะผดุงศาสน์ (สีเหลือง)
A4: วิขา..............................................................
A5: ครูที่ปรึกษา : 1.นางสาวรัตนา โอทาตะวงค์
A6: ที่ | B6: เลขประจำตัว | C6: ชื่อ นามสกุล
A7: 1 | B7: 18657 | C7: นายฌานยุต สอนลี | F7: .
A8: 2 | B8: 18739 | C8: นายธนดิษ ธาดาประดับสกุล
A9: 3 | B9: 18786 | C9: นายศักดิธัช ปิ่นแก้ว
A10: 4 | B10: 18976 | C10: นายปุณณภัทร สุวรรณโชติ
A11: 5 | B11: 18979 | C11: นายภัทรพล ทันประโยชน์
A12: 6 | B12: 18982 | C12: นายสุกฤษฏิ์กานต์ นาเชียงใต้
A13: 7 | B13: 19003 | C13: นายฐิติพันธ์ ศรีสวย
A14: 8 | B14: 19004 | C14: นายกฤษณุภูมิ​ เปรุนาวิน | L14: ธนมนตุ์
A15: 9 | B15: 19007 | C15: นายปภนส์ ไชยสุวรรณากรณ์
A16: 10 | B16: 19009 | C16: นายมนต์ณัฐ โกศลวิเศษทรัพย์
A17: 11 | B17: 19014 | C17: นายอชิรพงษ์ รัศมี
A18: 12 | B18: 20387 | C18: นายวราเทพ ดอกบัว
A19: 13 | B19: 20389 | C19: นายจิรายุ กิ่งทอง
A20: 14 | B20: 20923 | C20: นายกฤตตะวัน เพชรแก้ว
A21: 15 | B21: 20925 | C21: นายชิโณรส เกิดทะโสม
A22: 16 | B22: 20926 | C22: นายณภัทร ทองคำสุข
A23: 17 | B23: 20927 | C23: นายภาณุ พุ่มดนตรี
A24: 18 | B24: 20928 | C24: นายภูวริศ คงเจริญ
A25: 19 | B25: 20929 | C25: นายวุฒิพงษ์ จันทศร
A26: 20 | B26: 20930 | C26: นายสุวิชา มณีวิเศษเจริญ
... A37: 31 | B37: 20937 | C37: น.ส.ธวัลรัตน์ ลีจันทึก
A38: โรงเรียนเตรียมอุดมศึกษาพัฒนาการ ปทุมธานี
A39: รายชื่อนักเรียน ปีการศึกษา 2566 ภาคเรียนที่ 2 ชั้น ม.6 ห้องที่ 2
A40: แผนการเรียนวิทยาศาสตร์-คณิตศาสตร์ คณะรักชาติ (สีแดง)
A41: วิขา..............................................................
A42: ครูที่ปรึกษา : 1.นางสาวปนิตา บังทอง
A43: ที่ | B43: เลขประจำตัว | C43: ชื่อ นามสกุล
A44: 1 | B44: 18630 | C44: นายปวริศ เปรมภักตร์
A45: 2 | B45: 18714 | C45: นายอานุภาพ พานิชยิ่ง
A46: 3 | B46: 18820 | C46: นายนรากร มีชำนาญ
A47: 4 | B47: 18856 | C47: นายธนบดี หลักจันทร์
A48: 5 | B48: 18932 | C48: นายนนทกร เลาลี
A49: 6 | B49: 18937 | C49: นายอดิศร จำปา
A50: 7 | B50: 18981 | C50: นายสาริน สุดมี
A51: 8 | B51: 18984 | C51: นายอานนท์ ชัยสมทิพย์
A52: 9 | B52: 19016 | C52: นายอานัส บากาประเสริฐ
A53: 10 | B53: 18682 | C53: น.ส.ปิยธิดา หอมหวล
A54: 11 | B54: 18826 | C54: น.ส.กฤตยาพร บุญเหลือ
A55: 12 | B55: 18829 | C55: น.ส.ชนนิกานต์ แตงอ่อน
... A85: 42 | B85: 21603 | C85: น.ส.พลอยบุษรา มีรัตน์
A86: โรงเรียนเตรียมอุดมศึกษาพัฒนาการ ปทุมธานี
A87: รายชื่อนักเรียน ปีการศึกษา 2566 ภาคเรียนที่ 2 ชั้น ม.6 ห้องที่ 3
A88: แผนการเรียนวิทยาศาสตร์-คณิตศาสตร์ คณะเทิดกษัตริย์ (สีฟ้า)
A89: วิขา..............................................................
A90: ครูที่ปรึกษา : 1. นางสาวพิมพ์นิภา มาอินทร์ 2. นายนพรัตน์ แสงพันธุ์
A91: ที่ | B91: เลขประจำตัว | C91: ชื่อ นามสกุล
A92: 1 | B92: 18637 | C92: นายรัฐธีร์ วิริยะพัฒนศิริ
A93: 2 | B93: 18706 | C93: นายภูวดล ชุมภู
A94: 3 | B94: 18746 | C94: นายวงศ์วริศ นารีจันทร์
A95: 4 | B95: 18777 | C95: นายชินพัฒน์ แก้วม่วง
A96: 5 | B96: 18787 | C96: นายศุภวิชญ์ ศรีแสง
A97: 6 | B97: 18822 | C97: นายพรรณกร กำเนิดรักษา
A98: 7 | B98: 18855 | C98: นายณนฐกร โรจนกสิกิจ
A99: 8 | B99: 18892 | C99: นายกฤติเดช สุระแสง
A100: 9 | B100: 19000 | C100: นายธนกร มีบุญ
A101: 10 | B101: 20939 | C101: นายชัชพงศ์ ชัยภู​มูล​
A102: 11 | B102: 20940 | C102: นายณัฐดนัย คงเหลี่ยม
A103: 12 | B103: 20941 | C103: นายตรีวิทย์ ศรีมุข
... A113: 22 | B113: 20951 | C113: นายวายุ แสงสุข
A114: 23 | B114: 20952 | C114: นายศุภณัฐ กันทะตุล | L114: บุญน้อม
A115: 24 | B115: 20953 | C115: นายสุรวุฒิ​ ขนานใต้
A116: 25 | B116: 20954 | C116: นายอภิวิชญ์ แก้วธิตา
A117: 26 | B117: 21087 | C117: นายศิวัช วรรณภูงา
A118: 27 | B118: 18643 | C118: น.ส.กรวีร์ ราชรองเมือง
A119: 28 | B119: 18650 | C119: น.ส.อภิรดา โซ๊ะสลาม
A120: 29 | B120: 20956 | C120: น.ส.กัญญาภัทร จะติ
A121: 30 | B121: 20960 | C121: น.ส.พลอยชมพู แก้วบัวดี
A122: 31 | B122: 20961 | C122: น.ส.พิชญ์ญาภรณ์ ทองคำสุข
A123: 32 | B123: 20962 | C123: น.ส.ยุภาพันธ์ มะลิต้น
A124: 33 | B124: 20963 | C124: น.ส.รวิสรา อ่วมประดิษฐ
A125: 34 | B125: 20965 | C125: น.ส.สิริยากร ธนูศร
A126: 35 | B126: 20966 | C126: น.ส.สิริรัตน์ สมบัติทิพย์
... A131: 40 | B131: 21604 | C131: น.ส.สุชานันท์ ยุติธรรม
A132: โรงเรียนเตรียมอุดมศึกษาพัฒนาการ ปทุมธานี
A133: รายชื่อนักเรียน ปีการศึกษา 2566 ภาคเรียนที่ 2 ชั้น ม.6 ห้องที่ 4
A134: แผนการเรียนวิทยาศาสตร์-คณิตศาสตร์ คณะใฝ่คุณธรรม (สีม่วง)
A135: วิขา..............................................................
A136: ครูที่ปรึกษา : 1.นางสาวณัฐธิดา เยาวลักษณ์โยธิน 2. นายวิญญ์วรรณ สันติถาพวิวัฒนา
A137: ที่ | B137: เลขประจำตัว | C137: ชื่อ นามสกุล
A138: 1 | B138: 18662 | C138: นายธนกฤต นครศรี
A139: 2 | B139: 18698 | C139: นายณัฐพล ฉายรัตนานันท์
A140: 3 | B140: 18772 | C140: นายกิตติกวิน ฉิมเทศ
A141: 4 | B141: 18774 | C141: นายกิติรักษ์ โหมดตาด
A142: 5 | B142: 18775 | C142: นายจุลจักร ยมนา
A143: 6 | B143: 18812 | C143: นายกฤตนุ มุสิกะโปดก
A144: 7 | B144: 18904 | C144: นายภาธร ขำศรี
A145: 8 | B145: 20970 | C145: นายกนกกาญจน์ มาลีเวช
A146: 9 | B146: 20974 | C146: นายจีระศักดิ์ พิมพิลา
A147: 10 | B147: 20976 | C147: นายฐทเอก ธาราวิจิตร
A148: 11 | B148: 20977 | C148: นายดนุพล โตนวล
A149: 12 | B149: 20978 | C149: นายติณพัฒน์ นนทฤทธิ์
... A175: 38 | B175: 21606 | C175: น.ส.ณัฐธิดา สืบเทพ
A176: โรงเรียนเตรียมอุดมศึกษาพัฒนาการ ปทุมธานี
A177: รายชื่อนักเรียน ปีการศึกษา 2566 ภาคเรียนที่ 2 ชั้น ม.6 ห้องที่ 5
...

Sheet Sheet5
A1: ที่ | B1: เลขที่ | C1: เลขประจำตัว | D1: ชื่อ-สกุล | E1: ห้อง
A2: 1 | B2: 17 | C2: 19230 | D2: ด.ช.รชต กุรัตน์ | E2: ม.1/2 | F2: พักการเรียน 13 มิ.ย. 62
A3: 2 | B3: 7 | C3: 19304 | D3: ด.ช.เตวิช ศรีสมัย | E3: ม.1/4 | F3: ขาดเรียนนาน 23 ส.ค. 62
A4: 3 | B4: 7 | C4: 19346 | D4: ด.ช.ธนพล สุทินธุ์ | E4: ม.1/5 | F4: ขาดเรียนนาน 23 ส.ค. 62
A5: 4 | B5: 43 | C5: 19752 | D5: ด.ญ.เขมนิจ ผ่านพินิจ | E5: ม.1/5 | F5: ลาออก 31 พ.ค. 2562 ไม่รับเอกสาร
A6: 5 | B6: 19 | C6: 19442 | D6: ด.ญ.จุฒามาศ คล่องอาษา | E6: ม.1/5 | F6: พักการเรียน
A7: 6 | B7: 9 | C7: 18660 | D7: ด.ช.ณัฐวุฒิ บุญสวาสดิ์ | E7: ม.2/2 | F7: ลาออก 4 มิ.ย.2562 00001/833663
A8: 7 | B8: 1 | C8: 18733 | D8: ด.ช.จิรเวช นิธิสุวรรณ | E8: ม.2/4 | F8: ขาดเรียนนาน 23 ส.ค. 62
A9: 8 | B9: 9 | C9: 18165 | D9: ด.ช.นรภัทร จินตะนะพันธ์ | E9: ม.3/4 | F9: ขาดเรียนนาน 23 ส.ค. 62
A10: 9 | B10: 20 | C10: 18177 | D10: ด.ช.วรวุฒิ ขำประดิษฐ์ | E10: ม.3/4 | F10: ขาดเรียนนาน 23 ส.ค. 62
A11: 10 | B11: 12 | C11: 19147 | D11: ด.ช.กิตติภูมิ จันทร์กะพ้อ | E11: ม.3/6 | F11: ลาออก 4 มิ.ย.2562 00001/833663
A12: 11 | B12: 5 | C12: 18298 | D12: ด.ช.ชยุตพล สำลีขาว | E12: ม.3/7 | F12: พักการเรียน
A13: 12 | B13: 18 | C13: 18312 | D13: ด.ญ.กีรติกา นสีโต | E13: ม.3/7 | F13: ขาดเรียนนาน 23 ส.ค. 62
A14: 13 | B14: 27 | C14: 19694 | D14: น.ส.สุพิชชา วงศ์ด้วง | E14: ม.4/5 | F14: ลาออก 16 ส.ค. 62
A15: 14 | B15: 30 | C15: 19759 | D15: นางสาวพิญ์สินี วงศาฤชายุส | E15: ม.4/5 | F15: ลาออก 16 ส.ค. 62
A16: 15 | B16: 2 | C16: 16186 | D16: นายจิรเมธ นิธิสุวรรณ | E16: ม.5/7 | F16: ขาดเรียนนาน 23 ส.ค. 62
A17: 16 | B17: 34 | C17: 19129 | D17: น.ส.สุทามาศ ทิพย์สมบัติ | E17: ม.5/9 | F17: ขาดเรียนนาน 23 ส.ค. 62
A18: 17 | B18: 25 | C18: 18607 | D18: นายปฏิพล จันทร์ประโคน | E18: ม.6/8 | F18: ขาดเรียนนาน 23 ส.ค. 62
A19: 18 | B19: 35 | C19: 16595 | D19: น.ส.ศุลีพร นิสัยสม | E19: ม.6/8 | F19: ขาดเรียนนาน 23 ส.ค. 62

Sheet ม.3จบ
A1: โรงเรียนเตรียมอุดมศึกษาพัฒนาการ ปทุมธานี
A3: รายชื่อนักเรียน ปีการศึกษา 2562 ภาคเรียนที่ 2 ชั้น ม.3 ห้องที่ 1 คณะพัฒนาไทย (สีเขียว)
C4: ครูที่ปรึกษา : 1.นายอรรถพล ประภาสโนบล 2. นายภาคภูมิ ร่มพยอม
B7: เลขที่ | C7: เลขประจำตัว | D7: ชื่อ นามสกุล | M7: หมายเหตุ
B8: 1 | C8: 18015 | D8: ด.ช.กมลชัย เปรมประสงค์
B9: 2 | C9: 18017 | D9: ด.ช.จตุพร สอนทะโชติ
B10: 3 | C10: 18018 | D10: ด.ช.จตุรภัทร ละครสระน้อย
B11: 4 | C11: 18019 | D11: ด.ช.จุมพล อ้นชาลี
B12: 5 | C12: 18020 | D12: ด.ช.เจษฎา ปลื้มประสงค์
B13: 6 | C13: 18021 | D13: ด.ช.ชยากร ผลสมบูรณ์
B14: 7 | C14: 18022 | D14: ด.ช.ชลธี แสงจันทร์
B15: 8 | C15: 18023 | D15: ด.ช.ชัชวาลย์ ภู่สายทอง
B16: 9 | C16: 18024 | D16: ด.ช.ชาญชัย สาณะเศรษฐ
B17: 10 | C17: 18027 | D17: ด.ช.ณัฐพงศ์ ลาภเวช
B18: 11 | C18: 18030 | D18: ด.ช.เทียนบุญ นาชัยเริ่ม
B19: 12 | C19: 18031 | D19: ด.ช.ธนกร ปัทมะ
... B46: 39 | C46: 18062 | D46: ด.ญ.ศรินทรา ทรัพย์ประมูล
A47: โรงเรียนเตรียมอุดมศึกษาพัฒนาการ ปทุมธานี
A49: รายชื่อนักเรียน ปีการศึกษา 2562 ภาคเรียนที่ 2 ชั้น ม.3 ห้องที่ 2 คณะเทิดกษัตริย์ (สีฟ้า)
A50: ครูที่ปรึกษา : 1.นางสาวเกศินี ผาสุข, 2. นางสิริลักษณ์ งามลักษณ์
B53: เลขที่ | C53: เลขประจำตัว | D53: ชื่อ นามสกุล | M53: หมายเหตุ
B54: 1 | C54: 18063 | D54: ด.ช.กิตติภูมิ พาหอม
B55: 2 | C55: 18065 | D55: ด.ช.ชนดล ประเมินชัย
B56: 3 | C56: 18066 | D56: ด.ช.ชนาธิศ มานะกิจ
B57: 4 | C57: 18067 | D57: ด.ช.ชัยลักษณ์ สีเสนาะ
B58: 5 | C58: 18068 | D58: ด.ช.ณฐกร อาจผักปัง
B59: 6 | C59: 18069 | D59: ด.ช.ณัฐภัทร อ่องแช่ม
B60: 7 | C60: 18070 | D60: ด.ช.ทัตเทพ แฟงรัก
B61: 8 | C61: 18071 | D61: ด.ช.ธนาวุฒิ ตะเภาลอย
B62: 9 | C62: 18072 | D62: ด.ช.นัฐวุฒิ เชื้อลิ้นฟ้า
B63: 10 | C63: 18074 | D63: ด.ช.ปิยะวัฒน์ ทิพนา
B64: 11 | C64: 18075 | D64: ด.ช.รัชชานนท์ บุญล้อม
B65: 12 | C65: 18076 | D65: ด.ช.ลาภิศ หารรักษา
... B70: 17 | C70: 18081 | D70: ด.ช.วุฒิพงษ์ ประเสริฐศรี
B71: 18 | C71: 18083 | D71: ด.ช.สิทธินันท์ จันทวงษ์ | E71: ม.3/2 | F71: พักการเรียน 6 ธ.ค 62
B72: 19 | C72: 18085 | D72: ด.ช.อนรรฆ ยิ้มน้อย
B73: 20 | C73: 18086 | D73: ด.ช.อนุเทพ แสงนิล
B74: 21 | C74: 18089 | D74: ด.ช.อภิสิทธิ์ คำศรี
B75: 22 | C75: 18090 | D75: ด.ช.อานัส โสณะมิตร
B76: 23 | C76: 18092 | D76: ด.ช.อิศม์เดช ทองคลี
B77: 24 | C77: 19136 | D77: ด.ช.นภัทร คำมุงคุณ
B78: 25 | C78: 19137 | D78: ด.ช.รัฐภูมิ บุตรสี
B79: 26 | C79: 19138 | D79: ด.ช.สัญญพงษ์ อุ่ยวัชรานนท์
B80: 27 | C80: 19139 | D80: ด.ช.อนุวัฒน์ พิมพ์โคตร
B81: 28 | C81: 19172 | D81: ด.ช ณัฐพงษ์ ไทยประโคน
B82: 29 | C82: 18093 | D82: ด.ญ.ธนวดี เทียนอร่าม
B83: 30 | C83: 18094 | D83: ด.ญ.ธัญชนก เพ็งอำนาจ
... B96: 43 | C96: 18109 | D96: ด.ญ.อุไรวรรณ ใยโพธิ์
A100: โรงเรียนเตรียมอุดมศึกษาพัฒนาการ ปทุมธานี
A102: รายชื่อนักเรียน ปีการศึกษา 2562 ภาคเรียนที่ 2 ชั้น ม.3 ห้องที่ 3 คณะรักชาติ (สีแดง)
A103: ครูที่ปรึกษา : 1.นางสาวกนกาญจน์ โพธิ์วุฒินุกุล 2. นางสาวอาทิตยา วังคะออม
B106: เลขที่ | C106: เลขประจำตัว | D106: ชื่อ นามสกุล | M106: หมายเหตุ
B107: 1 | C107: 18110 | D107: ด.ช.กิตติศักดิ์ แก้วคำ
B108: 2 | C108: 18111 | D108: ด.ช.โกมลฐิติกรณ์ จรรยา
B109: 3 | C109: 18113 | D109: ด.ช.คมสัน ทองมูล
B110: 4 | C110: 18114 | D110: ด.ช.เจตพล เจริญพุทธ
B111: 5 | C111: 18116 | D111: ด.ช.เจริญสุข ศรีอ่อน
B112: 6 | C112: 18117 | D112: ด.ช.ชณาเมธ คุ้มบาง
B113: 7 | C113: 18118 | D113: ด.ช.ฐานพัฒน์ กล่ำน้อย
B114: 8 | C114: 18119 | D114: ด.ช.ณฐกร สีอาจ
B115: 9 | C115: 18121 | D115: ด.ช.ธนพงษ์ ใจมีวงศ์
B116: 10 | C116: 18122 | D116: ด.ช.ธเนศ หงษ์แก้ว
B117: 11 | C117: 18123 | D117: ด.ช.ธเนศพล ทองอำไพ
B118: 12 | C118: 18124 | D118: ด.ช.ธีรวัต สีเขียว
... B146: 40 | C146: 19141 | D146: ด.ญ.มณีรัตน์ บุญเลิศ
A150: โรงเรียนเตรียมอุดมศึกษาพัฒนาการ ปทุมธานี
A152: รายชื่อนักเรียน ปีการศึกษา 2562 ภาคเรียนที่ 2 ชั้น ม.3 ห้องที่ 4 คณะผดุงศาสน์ (สีเหลือง)
A153: ครูที่ปรึกษา : 1.นายสุพจน์ แสงส่องสิน, 2.นางสาวพิมพ์นิพา มาอินทร์
B156: เลขที่ | C156: เลขประจำตัว | D156: ชื่อ นามสกุล | M156: หมายเหตุ
B157: 1 | C157: 18156 | D157: ด.ช.กิตติกร กิตติวุฒิเจริญ
B158: 2 | C158: 18157 | D158: ด.ช.กิตติศักดิ์ เกตุแก้ว
B159: 3 | C159: 18158 | D159: ด.ช.จิรภัทร เชี่ยววิทยา
B160: 4 | C160: 18160 | D160: ด.ช.ชัยชาญ เกตุนิมะ
B161: 5 | C161: 18161 | D161: ด.ช.ชัยมงคล อินชื่น
B162: 6 | C162: 18162 | D162: ด.ช.ณัฏฐ์ธนพงศ์ สาไร
B163: 7 | C163: 18163 | D163: ด.ช.ธนวัฒน์ ปัดไชยสังข์
B164: 8 | C164: 18164 | D164: ด.ช.ธนวัฒน์ สลางสิงห์
B165: 9 | C165: 18166 | D165: ด.ช.นราสิริ ใชยทา
B166: 10 | C166: 18167 | D166: ด.ช.ปรองพล ดีหมี
B167: 11 | C167: 18168 | D167: ด.ช.ปิยทัศน์ ศิริชาติ
B168: 12 | C168: 18169 | D168: ด.ช.พงศ์ภัทร อุดมสิน
... B176: 20 | C176: 18180 | D176: ด.ช.อธิบดี ตรีเกษม
B177: 21 | C177: 19143 | D177: ด.ช.พิศุทธิ์วัฒน์ หาวิชิต | N177: ด.ช.ณัฐชนนท์ หาวิชิต
B178: 22 | C178: 19144 | D178: ด.ช.พิศิฏฐ์พศ หาวิชิต | N178: ด.ช.ณัฐชนันท์ หาวิชิต
B179: 23 | C179: 19145 | D179: ด.ช.ณัฐพงศ์ กิจจารักษ์
B180: 24 | C180: 18183 | D180: ด.ญ.ชนกวนันท์ บุญส่ง
B181: 25 | C181: 18184 | D181: ด.ญ.ณัฎฐณิชา ประดาพล
B182: 26 | C182: 18187 | D182: ด.ญ.ทิพยภรณ์ อู่อ้น
B183: 27 | C183: 18188 | D183: ด.ญ.ทิพย์วรรณ มณีวงค์
B184: 28 | C184: 18189 | D184: ด.ญ.น้ำทิพย์ น้อยอ้น
B185: 29 | C185: 18190 | D185: ด.ญ.บุณยนุช ก้อนนาก
B186: 30 | C186: 18191 | D186: ด.ญ.ประภาพร ช่อมะม่วง
B187: 31 | C187: 18192 | D187: ด.ญ.พรณิชา วัฒนภาเกษม
B188: 32 | C188: 18193 | D188: ด.ญ.พัชรกมล เชี่ยวพิบูลย์กิจ
B189: 33 | C189: 18194 | D189: ด.ญ.พิมพ์ชนก สุริโย
B190: 34 | C190: 18195 | D190: ด.ญ.ภัสดาภร ฮวดสวัสดิ์
... B195: 39 | C195: 18201 | D195: ด.ญ.ไอลดา แหยมเจริญ
A201: โรงเรียนเตรียมอุดมศึกษาพัฒนาการ ปทุมธานี
A203: รายชื่อนักเรียน ปีการศึกษา 2562 ภาคเรียนที่ 2 ชั้น ม.3 ห้องที่ 5 คณะพัฒนาไทย (สีเขียว)
A204: ครูที่ปรึกษา : 1.นางสาวจิราพร นิลตีบ, 2.นางสาวสมบูรณ์ หงส์สุนันท์
...

Sheet Sheet1
B1: รายชื่นักเรียนชั้นมัธยมศึกษาปีที่ 3 เรื่องรูป ติด ปพ. 1
B2: เลขที่ | C2: เลขประจำตัว | D2: ชื่อ นามสกุล | E2: ห้อง | G2: ค้างจ่ายค่ารูป | I2: ขาดรูป | M2: หมายเหตุ
B3: 11 | C3: 16766 | D3: เด็กชายธนพงษ์ เภตรา | E3: ม.3/1 | I3: P
B4: 8 | C4: 16810 | D4: เด็กชายนราธร มาลีวัลย์ | E4: ม.3/2 | I4: P
B5: 4 | C5: 16843 | D5: เด็กชายเจษฎาภรณ์ นพคุณ | E5: ม.3/3 | I5: P
B6: 12 | C6: 16852 | D6: เด็กชายณัฐวุฒิ ปิ่นมุข | E6: ม.3/3 | I6: P
B7: 30 | C7: 17981 | D7: เด็กชายปัณณธร ชาลี | E7: ม.3/3 | I7: P
B8: 5 | C8: 16887 | D8: เด็กชายชัยนันท์ ชนะ | E8: ม.3/4 | I8: P
B9: 13 | C9: 16899 | D9: เด็กชายมนต์ชัย ศรีมาลา | E9: ม.3/4 | I9: P
B10: 14 | C10: 16900 | D10: เด็กชายชนายุส จัตวัฒนกุล | E10: ม.3/4 | I10: P
B11: 17 | C11: 16905 | D11: เด็กชายสมเดช บริวาร | E11: ม.3/4 | I11: P
B12: 3 | C12: 16933 | D12: เด็กชายณัฐดนัย วันหมัด | E12: ม.3/5 | I12: P
B13: 4 | C13: 16935 | D13: เด็กชายเดชาชาญ กองสา | E13: ม.3/5 | I13: P
B14: 13 | C14: 16944 | D14: เด็กชายประวันวิทย์ เพ็งสมบูรณ์ | E14: ม.3/5 | I14: P
B15: 31 | C15: 16972 | D15: นางสาวอนงค์นาถ ชินขุนทด | E15: ม.3/5 | I15: P
B16: 10 | C16: 16982 | D16: เด็กชายธนกิตต์ ก้านเหลือง | E16: ม.3/6 | I16: P
... B26: 37 | C26: 17189 | D26: เด็กหญิงวิมลสิริ สินลือนาม | E26: ม.3/10 | I26: P
B42: 37 | C42: 16797 | D42: เด็กหญิงสุจิตตา แก้วตา | E42: ลาออก 6 พ.ย. 60 00007/903439 | J42: ม.3/1
B43: 1 | C43: 16799 | D43: เด็กชายเกียรติภูมิ แพ่งพนม | E43: ขาดเรียนนาน | J43: ม.3/2
B44: 10 | C44: 16811 | D44: เด็กชายปองภพ ศิลขันธ์ | E44: ขาดเรียนนาน | J44: ม.3/2
B45: 32 | C45: 16871 | D45: นางสาวณัฐวดี เสมเจริญ | E45: ขาดเรียนนาน | J45: ม.3/3
B46: 4 | C46: 16934 | D46: เด็กชายณัฐพล พ่วงทอง | E46: ขาดเรียนนาน | J46: ม.3/5
B47: 16 | C47: 16947 | D47: เด็กชายพงค์พินิจ ไทยวงษ์ | E47: ลาออก | J47: ม.3/5
B48: 19 | C48: 16950 | D48: เด็กชายภาณุพงษ์ นรเทพ | E48: ขาดเรียนนาน | J48: ม.3/5
B49: 33 | C49: 16967 | D49: นางสาววรดา เงินกระแชง | E49: ขาดเรียนนาน | J49: ม.3/5
B50: 17 | C50: 16990 | D50: เด็กชายปาราเมศ พุ่มศรี | E50: ลาออก 20 ต.ค. 60 | J50: ม.3/6
B51: 24 | C51: 17984 | D51: นายธีรศักดิ์ ทวีสาร | E51: ลาออก 18 พ.ค. 60 00007/903420 | J51: ม.3/6
B52: 39 | C52: 17014 | D52: นางสาวมินทร์รดา อาษากิจ | E52: ลาออก 7 ส.ค. 60 00007/903427 | J52: ม.3/6
B53: 16 | C53: 17033 | D53: เด็กหญิงขวัญจิรา จันทะสิงห์ | E53: พักการเรียน | J53: ม.3/7
... B57: 32 | C57: 17141 | D57: เด็กหญิงปรัชญาพร นครครื้น | E57: ขาดเรียนนาน | J57: ม.3/9

Sheet ม.3ใช้
B1: โรงเรียนเตรียมอุดมศึกษาพัฒนาการ ปทุมธานี
B3: รายชื่อนักเรียน ปีการศึกษา 2560 ภาคเรียนที่ 2 ชั้น ม.3 ห้องที่ 1
B4: คณะรักชาติ (สีแดง)
B5: วิชา ......................................................................................
B7: ครูที่ปรึกษา : 1.นางสาวมยุรี สนิทกุล, 2.นางสาวนุสรา โหมดคำ
B10: เลขที่ | C10: เลขประจำตัว | D10: ชื่อ นามสกุล | M10: หมายเหตุ
B11: 1 | C11: 16756 | D11: เด็กชายกฤษณพงษ์ เผ่าเจริญ
B12: 2 | C12: 16757 | D12: เด็กชายกิตติ ก่อแก้ว
B13: 3 | C13: 16758 | D13: นายกิตติภพ ยาหยี
B14: 4 | C14: 16759 | D14: เด็กชายคิมหันต์ วงษ์บุตร์
B15: 5 | C15: 16760 | D15: เด็กชายจักรรินทร์ เพิ่มสุข | E15: ขาดเรียนนาน
B16: 6 | C16: 16761 | D16: เด็กชายชนวีร์ พรมเมือง
B17: 7 | C17: 16762 | D17: เด็กชายชัยวัฒย์ เกตุโกวิทย์
B18: 8 | C18: 16763 | D18: เด็กชายธนกฤต ปารีเสน
B19: 9 | C19: 16764 | D19: เด็กชายธนกฤต ศะศินิล
B20: 10 | C20: 16765 | D20: เด็กชายธนนันท์ จันทรทีประ
B21: 11 | C21: 16766 | D21: เด็กชายธนพงษ์ เภตรา
B22: 12 | C22: 16767 | D22: เด็กชายนพวินท์ ถิ่นโสภณ
B23: 13 | C23: 16768 | D23: เด็กชายนราธิป มาลีวัลย์
B24: 14 | C24: 16769 | D24: เด็กชายนวภูมิ สิงห์โตแก้ว
B25: 15 | C25: 16770 | D25: เด็กชายนัทธพงศ์ ปานเรือง
B26: 16 | C26: 16772 | D26: เด็กชายปุระชัย รอบแคว้น
B27: 17 | C27: 16774 | D27: เด็กชายภัทรนนท์ กิตติกุล
... B47: 37 | C47: 16798 | D47: เด็กหญิงอริสรา คงอยู่ดี
D48: ห้องที่1 รวม 37 คน ( ช. 24, ญ. 13)
B50: โรงเรียนเตรียมอุดมศึกษาพัฒนาการ ปทุมธานี
B52: รายชื่อนักเรียน ปีการศึกษา 2560 ภาคเรียนที่ 2 ชั้น ม.3 ห้องที่ 2
B53: คณะเทิดกษัตริย์ (สีฟ้า)
B54: วิชา ......................................................................................
B56: ครูที่ปรึกษา : 1.นางสาวอรพรรณ ควรขุนทด, 2.นางอรจิรา ประเสริฐ
B59: เลขที่ | C59: เลขประจำตัว | D59: ชื่อ นามสกุล | M59: หมายเหตุ
B60: 1 | C60: 16800 | D60: เด็กชายจิราธิป ทูลไธสง
B61: 2 | C61: 16802 | D61: เด็กชายจิระศักดิ์ พิมพ์แก้ว
B62: 3 | C62: 16805 | D62: นายชัยวัฒน์ ทองนพรัตน์
B63: 4 | C63: 16806 | D63: นายณัฐวุฒิ วันหมัด
B64: 5 | C64: 16807 | D64: เด็กชายทัศพล นาเวียง
B65: 6 | C65: 16808 | D65: เด็กชายธีรวัฒน์ ชาวบ้านเกาะ
B66: 7 | C66: 16809 | D66: เด็กชายนครินทร์ นาคราช
B67: 8 | C67: 16810 | D67: เด็กชายนราธร มาลีวัลย์
B68: 9 | C68: 16812 | D68: เด็กชายปุรินทร์ หล้าแหล้
B69: 10 | C69: 16814 | D69: เด็กชายมงคล ตางาม
B70: 11 | C70: 16815 | D70: เด็กชายศิลาดล บาระมี
B71: 12 | C71: 16816 | D71: เด็กชายศุภวัช ศิริรัตนโกมุท
... B86: 27 | C86: 16830 | D86: เด็กหญิงธวัลรัตน์ สว่างพรม
B87: 28 | C87: 16831 | D87: เด็กหญิงพัชรินทร์ เนาว์ประเสริฐ | E87: ขาดเรียนนาน
B88: 29 | C88: 16832 | D88: เด็กหญิงพาทินธิดา แก้วประเสริฐ
B89: 30 | C89: 16833 | D89: เด็กหญิงมิ่งกมน มั่นยืน
B90: 31 | C90: 16834 | D90: เด็กหญิงสรัลชนา วรรณลาภ
B91: 32 | C91: 16835 | D91: เด็กหญิงสโรชา กลั่นพราหมณ์
B92: 33 | C92: 16836 | D92: เด็กหญิงสาวิตรี ฉอสันเทียะ
B93: 34 | C93: 16837 | D93: เด็กหญิงสุกัญญา แข่งขัน
B94: 35 | C94: 16839 | D94: เด็กหญิงอริษา พลายงาม
B95: 36 | C95: 17390 | D95: เด็กหญิงจุฑามณี พรหมชาติ
D96: ห้องที่ 2 รวม 36 คน ( ช. 22, ญ. 14)
B98: โรงเรียนเตรียมอุดมศึกษาพัฒนาการ ปทุมธานี
B100: รายชื่อนักเรียน ปีการศึกษา 2560 ภาคเรียนที่ 2 ชั้น ม.3 ห้องที่ 3
B101: คณะพัฒนาไทย (สีเขียว)
B102: วิชา ......................................................................................
B104: ครูที่ปรึกษา : 1.นายวัฒนา รุ่งศรี, 2.นางสาวสมบูรณ์ หงส์สุนันท์
B107: เลขที่ | C107: เลขประจำตัว | D107: ชื่อ นามสกุล | M107: หมายเหตุ
B108: 1 | C108: 16840 | D108: เด็กชายขวัญนาค ธิบดี
B109: 2 | C109: 16841 | D109: เด็กชายจักร์พรรณ ฮับเซาะ
B110: 3 | C110: 16842 | D110: เด็กชายเจษฎาพร เทพทับทิม
B111: 4 | C111: 16843 | D111: เด็กชายเจษฎาภรณ์ นพคุณ
B112: 5 | C112: 16845 | D112: เด็กชายชัยวัฒน์ ตู้พิมาย
B113: 6 | C113: 16846 | D113: เด็กชายชินาธิป พวงมาลา
B114: 7 | C114: 16847 | D114: เด็กชายชิษณุพงศ์ ไชยภิวงค์
B115: 8 | C115: 16848 | D115: เด็กชายฐานิตย์ อินภูมิ
B116: 9 | C116: 16849 | D116: เด็กชายณัฐดนัย ฉัฐเมธาสิทธิ์
B117: 10 | C117: 16850 | D117: เด็กชายณัฐภัทร ป่วงกระโทก
B118: 11 | C118: 16851 | D118: เด็กชายณัฐวุฒิ โชคลาภดี
B119: 12 | C119: 16852 | D119: เด็กชายณัฐวุฒิ ปิ่นมุข
... B121: 14 | C121: 16854 | D121: นายธนพล โสดเที่ยง
B122: 15 | C122: 16855 | D122: เด็กชายธนรัฐ แสงศรี | E122: ขาดเรียนนาน
B123: 16 | C123: 16856 | D123: เด็กชายธันว์ธวัช สังขารี
B124: 17 | C124: 16857 | D124: เด็กชายธีรทัศน์ ทวีผล
B125: 18 | C125: 16858 | D125: เด็กชายธีรภัทร์ แสงศรี
B126: 19 | C126: 16859 | D126: นายปอนเจริญ ศรีภา
B127: 20 | C127: 16860 | D127: เด็กชายพงศ์พิเชษฐ์ ชุมศรี
B128: 21 | C128: 16861 | D128: เด็กชายพนธกร ทองประสาร
B129: 22 | C129: 16862 | D129: นายพิชิตพงษ์ บงแก้ว
B130: 23 | C130: 16863 | D130: เด็กชายยศพล บุญมาก
B131: 24 | C131: 16864 | D131: เด็กชายรชานนท์ มูลไชย
B132: 25 | C132: 16865 | D132: เด็กชายรัฐธรรมนูญ โสณะมิตร
B133: 26 | C133: 16866 | D133: เด็กชายศรราม พวงน้อย
B134: 27 | C134: 16867 | D134: เด็กชายศุภณัฐ โชนอนุ
... B147: 40 | C147: 16883 | D147: เด็กหญิงวริศรา ศิลาสลุง
D148: ห้องที่ 3 รวม 40 คน ( ช. 30, ญ. 10)
B150: โรงเรียนเตรียมอุดมศึกษาพัฒนาการ ปทุมธานี
B152: รายชื่อนักเรียน ปีการศึกษา 2560 ภาคเรียนที่ 2 ชั้น ม.3 ห้องที่ 4
B153: คณะใฝ่คุณธรรม (สีม่วง)
B154: วิชา ......................................................................................
B156: ครูที่ปรึกษา : 1.นางจิราภรณ์ หางแก้ว, 2.นางสำราญ พูลเผ่าว์
B159: เลขที่ | C159: เลขประจำตัว | D159: ชื่อ นามสกุล | M159: หมายเหตุ
B160: 1 | C160: 16364 | D160: เด็กชายอาทิตย์ รอดจันทร์ | E160: ขาดเรียนนาน
B161: 2 | C161: 16884 | D161: เด็กชายกิติพัฒน์ คำใจ
B162: 3 | C162: 16885 | D162: เด็กชายจารุวัฒน์ สลาม
B163: 4 | C163: 16886 | D163: เด็กชายเจษฎา ดินสละ
B164: 5 | C164: 16887 | D164: เด็กชายชัยนันท์ ชนะ | E164: ขาดเรียนนาน
B165: 6 | C165: 16888 | D165: เด็กชายณัฐกิตติ์ แตงเพ็ชร
...

Sheet ม.6เดิม
A1: โรงเรียนเตรียมอุดมศึกษาพัฒนาการ ปทุมธานี
A2: รายชื่อนักเรียน ปีการศึกษา 2565 ภาคเรียนที่ 2 ชั้น ม. 6 ห้องที่ 1
A3: แผนการเรียนวิทยาศาสตร์สำหรับวิศวกรรมศาสตร์ คณะใฝ่คุณธรรม (สีม่วง)
A4: วิขา..............................................................
A5: ครูที่ปรึกษา : 1.นายกิตติพงศ์ คุณกัณหา
A6: ที่ | B6: เลขประจำตัว | C6: ชื่อ นามสกุล
A7: 1 | B7: 18347 | C7: นายนันท์นภัส โต๊ะลาใบสลาม
A8: 2 | B8: 18348 | C8: นายปรเมศวร์ ศรีอ่อน
A9: 3 | B9: 18352 | C9: นายวิทวัสชัย เอี่ยมเดช
A10: 4 | B10: 18386 | C10: นายกวินทร์ เข้มแข็ง
A11: 5 | B11: 18392 | C11: นายณัฐวุฒิ อยู่ภักดี
A12: 6 | B12: 18394 | C12: นายนวพล ชำนาญค้า
A13: 7 | B13: 18397 | C13: นายยูโร วันสุขใจ
A14: 8 | B14: 18441 | C14: นายคามิน สุรขจร
A15: 9 | B15: 20228 | C15: นายจิร์รายุทธ เจริญศิรินวกุล
A16: 10 | B16: 20229 | C16: นายเจษฎา ขวัญอ่อน
A17: 11 | B17: 20230 | C17: นายฐกร วจนะคุณากร
A18: 12 | B18: 20231 | C18: นายภวินท์ ศรีศิริวัฒน์
... A29: 23 | B29: 20424 | C29: น.ส.รวิสา มณีพงษ์
A44: โรงเรียนเตรียมอุดมศึกษาพัฒนาการ ปทุมธานี
A45: รายชื่อนักเรียน ปีการศึกษา 2565 ภาคเรียนที่ 2 ชั้น ม. 6 ห้องที่ 2
A46: แผนการเรียนวิทยาศาสตร์-คณิตศาสตร์ คณะรักชาติ (สีแดง)
A47: วิขา..............................................................
A48: ครูที่ปรึกษา : 1. นางสาวณัฐธิดา เยาวลักษณ์โยธิน
A49: ที่ | B49: เลขประจำตัว | C49: ชื่อ นามสกุล
A50: 1 | B50: 18300 | C50: นายทรงพล หิรัญรุจเรข
A51: 2 | B51: 18309 | C51: นายอนุสรณ์ ศรศรี
A52: 3 | B52: 18340 | C52: นายกุลธัช กาญจนาธรรมรัฐ
A53: 4 | B53: 18346 | C53: นายนวพล โพธิ์แหบ
A54: 5 | B54: 18353 | C54: นายสรยุทธ พุ่มพวง
A55: 6 | B55: 18395 | C55: นายบันพชิด เบญจมาศ
A56: 7 | B56: 18398 | C56: นายเรืองศักดิ์ กันทะ
A57: 8 | B57: 18432 | C57: นายณัฐชัย เชิงหอม
A58: 9 | B58: 20420 | C58: นายมีนธาดา ขุมทรัพย์
A59: 10 | B59: 18194 | C59: น.ส.พิมพ์ชนก สุริโย
A60: 11 | B60: 18266 | C60: น.ส.กัลยา ทองอ่วม
A61: 12 | B61: 18268 | C61: น.ส.ชิดชนก เขียวชอุ่ม
... A94: 45 | B94: 20419 | C94: น.ส.จอมขวัญ พุทธวรคุณ
A95: โรงเรียนเตรียมอุดมศึกษาพัฒนาการ ปทุมธานี
A96: รายชื่อนักเรียน ปีการศึกษา 2565 ภาคเรียนที่ 2 ชั้น ม. 6 ห้องที่ 3
A97: แผนการเรียนวิทยาศาสตร์-คณิตศาสตร์ คณะผดุงศาสน์ (สีเหลือง)
A98: วิขา..............................................................
A99: ครูที่ปรึกษา : 1. นายวิญญ์วรรณ สันติภาพวิวัฒนา 2.นางสาวประภัสสร แสงไสย
A100: ที่ | B100: เลขประจำตัว | C100: ชื่อ นามสกุล
A101: 1 | B101: 18121 | C101: นายธนพงษ์ ใจมีวงศ์
A102: 2 | B102: 18350 | C102: นายพีนพัฒน์ แจ้งใจ
A103: 3 | B103: 18356 | C103: นายอานัส เรืองปราชญ์
A104: 4 | B104: 18454 | C104: นายศิรวิทย์ ศิลาสลุง
A105: 5 | B105: 18455 | C105: นายสิปปวิชญ์ บุญเกียรติ
A106: 6 | B106: 20239 | C106: นายคมชาญ สกุลวา
A107: 7 | B107: 20240 | C107: นายณภัทร ชอบกองกลาง
A108: 8 | B108: 20241 | C108: นายณรงค์พล ใจเย็น
A109: 9 | B109: 20242 | C109: นายนรวิชญ์ ยางทอง
A110: 10 | B110: 20244 | C110: นายวรพงศ์ คิดการเหมาะ
A111: 11 | B111: 20245 | C111: นายษมาวีร์ พานิชกุล
A112: 12 | B112: 18183 | C112: น.ส.ชนกวนันท์ บุญส่ง
... A144: 44 | B144: 21073 | C144: น.ส.พิมมาดา เล็ดลอด
A145: โรงเรียนเตรียมอุดมศึกษาพัฒนาการ ปทุมธานี
A146: รายชื่อนักเรียน ปีการศึกษา 2565 ภาคเรียนที่ 2 ชั้น ม. 6 ห้องที่ 4
A147: แผนการเรียนวิทยาศาสตร์-คณิตศาสตร์ คณะพัฒนาไทย (สีเขียว)
A148: วิขา..............................................................
A149: ครูที่ปรึกษา : 1.นางสาวนุสรา โหมดคำ 2.นายวศิน สุธีระกูล
A150: ที่ | B150: เลขประจำตัว | C150: ชื่อ นามสกุล
A151: 1 | B151: 18294 | C151: นายก้องณเรศ มิตรรัก
A152: 2 | B152: 18306 | C152: นายปัณณวัฒน์ สืบสาร
A153: 3 | B153: 18444 | C153: นายตะวัน เคลลี่
A154: 4 | B154: 18448 | C154: นายธาวิน ถนอมทรัพย์
A155: 5 | B155: 20262 | C155: นายคีรภัทร์ บางสลัด
A156: 6 | B156: 20263 | C156: นายฉัตรมงคล​ รุ่งเรือง
A157: 7 | B157: 20264 | C157: นายชัยชนะ อรุณศรศิริ
A158: 8 | B158: 20265 | C158: นายณรงค์ชัย ธรรมโหร
A159: 9 | B159: 20266 | C159: นายภูมิรพี สกุลผล
A160: 10 | B160: 20267 | C160: นายสรายุทธ​ เกณฑ์​สาคู
A161: 11 | B161: 20268 | C161: นายอภิสิทธิ์ พยอม
A162: 12 | B162: 21090 | C162: นายธนารัตน์ เครือแปง
... A192: 42 | B192: 21609 | C192: น.ส.ชนัญธิดา จงไกรจักร
A193: โรงเรียนเตรียมอุดมศึกษาพัฒนาการ ปทุมธานี
A194: รายชื่อนักเรียน ปีการศึกษา 2565 ภาคเรียนที่ 2 ชั้น ม. 6 ห้องที่ 5
A195: แผนการเรียนคณิตศาสตร์-ภาษาอังกฤษ คณะเทิดกษัตริย์ (สีฟ้า)
A196: วิขา..............................................................
A197: ครูที่ปรึกษา : 1.นายใชยา มหาชัย 2. นางสาวจิรภาภรณ์ วงศ์กาญจนฉัตร
A198: ที่ | B198: เลขประจำตัว | C198: ชื่อ นามสกุล
A199: 1 | B199: 18132 | C199: นายวุฒิชัย คงแตง
A200: 2 | B200: 18135 | C200: นายอติโรจน์ เมืองเชียงหวาน
A201: 3 | B201: 18176 | C201: นายวรยุทธ อังศุวรพฤกษ์
A202: 4 | B202: 18179 | C202: นายสิทธิพล เงินสว่าง
A203: 5 | B203: 18207 | C203: นายณมัฌฐินา มงคลเกิด
A204: 6 | B204: 18212 | C204: นายธีรภัทร สุขแสง
A205: 7 | B205: 18225 | C205: นายสหรัฐ เม่งจีน
A206: 8 | B206: 18227 | C206: นายอัสดา โสณะมิตร
A207: 9 | B207: 18252 | C207: นายชยากร หอมเทียน
A208: 10 | B208: 18301 | C208: นายทศพร มาลากรอง
A209: 11 | B209: 18344 | C209: นายธีระศักดิ์ บุญกองตา
A210: 12 | B210: 18351 | C210: นายภูมิพัฒน์ คำหาญ
... A242: 44 | B242: 21076 | C242: น.ส.สุวรรณเกษร ป้านจันทร์
A243: โรงเรียนเตรียมอุดมศึกษาพัฒนาการ ปทุมธานี
A244: รายชื่อนักเรียน ปีการศึกษา 2565 ภาคเรียนที่ 2 ชั้น ม. 6 ห้องที่ 6
A245: แผนการเรียนคณิตศาสตร์-ภาษาอังกฤษ คณะรักชาติ (สีแดง)
A246: วิขา..............................................................
A247: ครูที่ปรึกษา : 1.นางณภัทร์ชอร เพิกจร 2. นางปวีณา เบ็ญจวรรณ
...

Sheet Sheet7
A1: โรงเรียนเตรียมอุดมศึกษาพัฒนาการ ปทุมธานี
A2: รายชื่อนักเรียน ปีการศึกษา 2564 ภาคเรียนที่ 1 ชั้น ม. 5 ห้องที่ 6
A3: แผนการเรียนคณิตศาสตร์-ภาษาอังกฤษ คณะรักชาติ (สีแดง)
A4: วิขา..............................................................
A5: ครูที่ปรึกษา : 1.นายพิสิทธา กาชัย 2. ว่าที่ร้อยตรีภูษิต แจ่มจำรัส
A6: ที่ | B6: เลขประจำตัว | C6: ชื่อ นามสกุล
A7: 1 | B7: 18021 | C7: นายชยากร ผลสมบูรณ์
A8: 3 | B8: 18065 | C8: นายชนดล ประเมินชัย
A9: 5 | B9: 18079 | C9: นายวาที วิเชียร
A10: 7 | B10: 18134 | C10: นายอดิศักดิ์ เที่ยงเดช
A11: 9 | B11: 18160 | C11: นายชัยชาญ เกตุนิมะ
A12: 11 | B12: 18169 | C12: นายพงศ์ภัทร อุดมสิน
A13: 13 | B13: 18223 | C13: นายศุภวิชญ์ บุญค้ำ
A14: 15 | B14: 18254 | C14: นายฐิติวีร์ จิตวรางกูร
A15: 17 | B15: 19138 | C15: นายสัญญพงษ์ อุ่ยวัชรานนท์
A16: 19 | B16: 20300 | C16: นายปรัชญา เอี่ยมเดชา
A17: 21 | B17: 20302 | C17: นายพีรพล จิตรีสะอาด
A18: 23 | B18: 20304 | C18: นายภาณุวัฒน์ พรมนาค
... A28: 43 | B28: 20317 | C28: น.ส.ศศิวิมล จี้จู
A34: โรงเรียนเตรียมอุดมศึกษาพัฒนาการ ปทุมธานี
A35: รายชื่อนักเรียน ปีการศึกษา 2564 ภาคเรียนที่ 1 ชั้น ม. 5 ห้องที่ 6
A36: แผนการเรียนคณิตศาสตร์-ภาษาอังกฤษ คณะรักชาติ (สีแดง)
A37: วิขา..............................................................
A38: ครูที่ปรึกษา : 1.นายพิสิทธา กาชัย 2. ว่าที่ร้อยตรีภูษิต แจ่มจำรัส
A39: ที่ | B39: เลขประจำตัว | C39: ชื่อ นามสกุล
A40: 2 | B40: 18024 | C40: นายชาญชัย สาณะเศรษฐ
A41: 4 | B41: 18078 | C41: นายวรนน แน่นสันเทียะ
A42: 6 | B42: 18089 | C42: นายอภิสิทธิ์ คำศรี
A43: 8 | B43: 18158 | C43: นายจิรภัทร เชี่ยววิทยา
A44: 10 | B44: 18167 | C44: นายปรองพล ดีหมี
A45: 12 | B45: 18174 | C45: นายรัตนพล โพธิน
A46: 14 | B46: 18224 | C46: นายเศรษฐพงศ์ ขุมทรัพย์
A47: 16 | B47: 18443 | C47: นายชวกร อินทนู
A48: 18 | B48: 20299 | C48: นายนครินทร์ หัวนา
A49: 20 | B49: 20301 | C49: นายพชรพล เถาวัลย์
A50: 22 | B50: 20303 | C50: นายภัทรพล แก้วแสนทิพย์
A51: 24 | B51: 20305 | C51: นายอดุลวิทย์ เปี่ยมเจริญ
... A61: 44 | B61: 20318 | C61: น.ส.ศุลีพร โพรงขุนทด

Sheet ม.6จบ
B1: โรงเรียนเตรียมอุดมศึกษาพัฒนาการ ปทุมธานี
B3: รายชื่อนักเรียน ปีการศึกษา 2562 ภาคเรียนที่ 2 ชั้น ม.6 ห้องที่ 1
B4: แผนการเรียนวิทยาศาสตร์-คณิตศาสตร์ คณะรักชาติ (สีแดง)
D5: วิชา..........................................................................
C7: ครูที่ปรึกษา : 1.นายปารเมศ วรรณทอง
B10: เลขที่ | C10: เลขประจำตัว | D10: ชื่อ นามสกุล | M10: หมายเหตุ
B11: 1 | C11: 16187 | D11: นายฉัตรชัย เชี่ยวชาญ | E11: =IFERROR(VLOOKUP($C11,#REF!,2,0),"-") -> -
B12: 2 | C12: 16276 | D12: นายนฤเบธร์ รวบรวมเลิศ
B13: 3 | C13: 16322 | D13: นายศุภณัฐ อินทร์พันงาม
B14: 4 | C14: 16344 | D14: นายจตุรนต์ เทียนสำโรง
B15: 5 | C15: 16520 | D15: นายธัญวิชญ์ นภาบริรักษ์
B16: 6 | C16: 16521 | D16: นายธัญวุฒิ นภาบริรักษ์
B17: 7 | C17: 16531 | D17: นายศุภชัย พินยงค์
B18: 8 | C18: 16563 | D18: นายธีธัช เจนพรกุล
B19: 9 | C19: 16574 | D19: นายอธิบดี ฐิติวรภัทร
B20: 10 | C20: 16603 | D20: นายณัฐสิทธิ์ ผางทุม
B21: 11 | C21: 16605 | D21: นายธนภัทร จันเขียว
B22: 12 | C22: 16610 | D22: นายภูวเดช สารทอง
B23: 13 | C23: 16611 | D23: นายรวีโรจน์ โงนรี
... B33: 23 | C33: 16507 | D33: น.ส.อรปรียา ยุทธนาถจินดา
B34: 24 | C34: 16579 | D34: น.ส.ขวัญชีวา แสนเพ็ง | P34: ศรีวรสาร
B35: 25 | C35: 16621 | D35: น.ส.จุทามาศ ศรีแก้ว
B36: 26 | C36: 16627 | D36: น.ส.ธัญญรัตน์ สังเทศ
B37: 27 | C37: 16628 | D37: น.ส.ธันยนิษฐ์ ซู่
B38: 28 | C38: 16631 | D38: น.ส.สุกัญญา จันทร์โฉม
B39: 29 | C39: 18478 | D39: น.ส.กชกร งามสม
B40: 30 | C40: 18479 | D40: น.ส.ณัฐชรีย์ เทียนสู
B41: 31 | C41: 18480 | D41: น.ส.ปัญณิษา แก้วมั่น
B42: 32 | C42: 18481 | D42: น.ส.พรพรรณ จันทราช
B43: 33 | C43: 18482 | D43: น.ส.มนัสพร กิตติพรประชา
B44: 34 | C44: 18483 | D44: น.ส.เมษิยา เขื่อนวิชัย
B45: 35 | C45: 18484 | D45: น.ส.ลลิตา วังงาม
B46: 36 | C46: 18485 | D46: น.ส.สุพัตรา พิทักษ์ญาติ
B49: โรงเรียนเตรียมอุดมศึกษาพัฒนาการ ปทุมธานี
B51: รายชื่อนักเรียน ปีการศึกษา 2562 ภาคเรียนที่ 2 ชั้น ม.6 ห้องที่ 2
B52: แผนการเรียนวิทยาศาสตร์-คณิตศาสตร์ คณะเทิดกษัตริย์ (สีฟ้า)
D53: วิชา..........................................................................
B55: ครูที่ปรึกษา : 1.นางสาวพีชญา ผ่องศรีใส
B58: เลขที่ | C58: เลขประจำตัว | D58: ชื่อ นามสกุล | M58: หมายเหตุ
B59: 1 | C59: 16240 | D59: นายพัชรพล หมีกุละ
B60: 2 | C60: 16432 | D60: นายปราชญ์ยุทธ ปานกุล
B61: 3 | C61: 16525 | D61: นายพงศกร ดอกชะเอม
B62: 4 | C62: 16598 | D62: นายกิตติธรา ศรีเดช
B63: 5 | C63: 16599 | D63: นายฉัตรณรงค์ สมใจ
B64: 6 | C64: 16608 | D64: นายปิยังกูร คุณีพงษ์
B65: 7 | C65: 16609 | D65: .
B66: 8 | C66: 16614 | D66: นายวีรภัทร์ ทวีเกตุ
B67: 9 | C67: 17997 | D67: นายกฤษณพงศ์ มีมั่ง
B68: 10 | C68: 18489 | D68: นายรพีพัฒน์ พรมฮวด
B69: 11 | C69: 18490 | D69: นายศุภอรรถ วิเศษ
B70: 12 | C70: 16212 | D70: น.ส.นวนันท์ จันทร์ยุ้ย
... B89: 31 | C89: 18495 | D89: น.ส.ธิดาพร คำจำรูญ
B93: โรงเรียนเตรียมอุดมศึกษาพัฒนาการ ปทุมธานี
B95: รายชื่อนักเรียน ปีการศึกษา 2562 ภาคเรียนที่ 2 ชั้น ม.6 ห้องที่ 3
B96: แผนการเรียนวิทยาศาสตร์-คณิตศาสตร์ คณะผดุงศาสน์ (สีเหลือง)
D97: วิชา..........................................................................
B99: ครูที่ปรึกษา : 1.ว่าที่ร้อยตรีภูษิต แจ่มจำรัส 2. นางสาวจันทร์แรม ทะเสนฮด
B102: เลขที่ | C102: เลขประจำตัว | D102: ชื่อ นามสกุล | M102: หมายเหตุ
B103: 1 | C103: 15784 | D103: นายณัฐดนัย โจสรรค์นุสนธิ์
B104: 2 | C104: 16185 | D104: นายจิตรทวัส ยุวงษ์สระน้อย
B105: 3 | C105: 16241 | D105: นายภัทรพล เกตุทรัพย์
B106: 4 | C106: 16288 | D106: นายอำพล ใจรักษ์
B107: 5 | C107: 16560 | D107: นายณัฐพล โสภา
B108: 6 | C108: 16568 | D108: นายพรหมนัส ใจฉ่ำ
B109: 7 | C109: 16615 | D109: นายสรวิศ ไวโรจนกิจ
B110: 8 | C110: 16617 | D110: นายอชิรวิชญ์ รักมิตร
B111: 9 | C111: 18497 | D111: นายจารึก ทองแสวง
B112: 10 | C112: 18498 | D112: นายภูริฉัตร ศิริรักษ์
B113: 11 | C113: 18500 | D113: นายศิวฤทธิ์ กิจจรัสกุล
B114: 12 | C114: 19161 | D114: นายไกรพจน์ ชวผลพิพัฒน์
B115: 13 | C115: 19162 | D115: นายสหัสวรรษ สีมาวงศ์
B116: 14 | C116: 16248 | D116: น.ส.กนกวรรณ สิทธิพล
B117: 15 | C117: 16254 | D117: น.ส.ธัญมาส เนาว์ประเสริฐ
B118: 16 | C118: 16262 | D118: น.ส.สุกานดา โพธิ์ชัย
B119: 17 | C119: 16366 | D119: น.ส.กสุมากร เสร็จกิจ
B120: 18 | C120: 16377 | D120: น.ส.ภัทรพรรณ พันพยัคฆ์
B121: 19 | C121: 16462 | D121: น.ส.วาสิตา สาลีกิจ
B122: 20 | C122: 16545 | D122: น.ส.ผกามาศ สุมลฑา
B123: 21 | C123: 16588 | D123: น.ส.ปณิตา เพ็ชรผุดผ่อง
B124: 22 | C124: 16590 | D124: น.ส.ปิ่นเพชร สุยังกูล
B125: 23 | C125: 16597 | D125: น.ส.อริสา วัฒนโกศล
B126: 24 | C126: 16624 | D126: น.ส.ณัฐพร อรรถวิล
B127: 25 | C127: 18501 | D127: น.ส.กมลรัตน์ บุญอุ้ม
... B132: 30 | C132: 18509 | D132: น.ส.สุภนิดา จงเพ็งกลาง
B135: โรงเรียนเตรียมอุดมศึกษาพัฒนาการ ปทุมธานี
B137: รายชื่อนักเรียน ปีการศึกษา 2562 ภาคเรียนที่ 2 ชั้น ม.6 ห้องที่ 4
B138: แผนการเรียน คณิตศาสตร์ - ภาษาอังกฤษ คณะพัฒนาไทย (สีเขียว)
D139: วิชา..........................................................................
C141: ครูที่ปรึกษา : 1.นายพิสิทธา กาชัย 2.นางสำราญ พูลเผ่าว์
B144: เลขที่ | C144: เลขประจำตัว | D144: ชื่อ นามสกุล | M144: หมายเหตุ
B145: 1 | C145: 16210 | D145: นายโภไคย โสภณโภไคย
B146: 2 | C146: 16389 | D146: นายธนวัฒน์ อยู่แขก
B147: 3 | C147: 16406 | D147: นายสีหราช แสนเสนาะ
B148: 4 | C148: 16429 | D148: นายชาญวิทย์ อยู่ภักดี
B149: 5 | C149: 16435 | D149: นายพิชิต กระบองเพชร
B150: 6 | C150: 16515 | D150: นายฐากูร มังกรกฤตย์
B151: 7 | C151: 16519 | D151: นายธนกร น้อยศรี
B152: 8 | C152: 16556 | D152: นายขจิตพัฒน์ แสนโพธิ์
B153: 9 | C153: 16558 | D153: นายจิรสิน รูปเหมาะ
B154: 10 | C154: 16562 | D154: นายธะนะบดี วัฒน์สาทร
...

Sheet Sheet2

Sheet ม.6ใช้
C1: โรงเรียนเตรียมอุดมศึกษาพัฒนาการ ปทุมธานี
B3: รายชื่อนักเรียน ปีการศึกษา 2560 ภาคเรียนที่ 2 ชั้น ม.6 ห้องที่ 1
B4: แผนการเรียนวิทยาศาสตร์-คณิตศาสตร์ คณะผดุงศาสน์ (สีเหลือง)
B5: วิชา ......................................................................................
C7: ครูที่ปรึกษา : 1.นายปารเมศ วรรณทอง
B10: เลขที่ | C10: เลขประจำตัว | D10: ชื่อ นามสกุล | M10: หมายเหตุ
B11: 1 | C11: 14969 | D11: นายจิรายุ สุดชดา
B12: 2 | C12: 14992 | D12: นายวิศิฐศักดิ์ พระสว่าง
B13: 3 | C13: 15260 | D13: นายประจักษ์ ภูมรา
B14: 4 | C14: 15396 | D14: นายคณาธิป อชิรศิลป์
B15: 5 | C15: 15397 | D15: นายทิวากร สลักคำ
B16: 6 | C16: 15400 | D16: นายปธานิน สุวรรณโกตา
B17: 7 | C17: 15405 | D17: นายภัคพล ล้นเหลือ
B18: 8 | C18: 15406 | D18: นายภานุภัทร นนทรีย์
B19: 9 | C19: 15408 | D19: นายรัฐสิทธิ์ สังวาลย์เพ็ชร์
B20: 10 | C20: 17232 | D20: นายจิรพัฒน์ แพลูกอินทร์
B21: 11 | C21: 17234 | D21: นายสิริวัส สุขวงษ์โรจน์
B22: 12 | C22: 15194 | D22: นางสาวปณิตา วังสรรค์
... B46: 36 | C46: 17238 | D46: นางสาวเสาวลักษณ์ สังข์ทอง
D47: ห้องที่1 รวม 36 คน ( ช. 11, ญ. 25)
B52: โรงเรียนเตรียมอุดมศึกษาพัฒนาการ ปทุมธานี
B54: รายชื่อนักเรียน ปีการศึกษา 2560 ภาคเรียนที่ 2 ชั้น ม.6 ห้องที่ 2
B55: แผนการเรียนวิทยาศาสตร์-คณิตศาสตร์ คณะใฝ่คุณธรรม (สีม่วง)
C56: วิชา ......................................................................................
C58: ครูที่ปรึกษา : 1.นายศิริชัย อ่ำบุญชู
B61: เลขที่ | C61: เลขประจำตัว | D61: ชื่อ นามสกุล | M61: หมายเหตุ
B62: 1 | C62: 15037 | D62: นายสหราช งามวงษ์
B63: 2 | C63: 15355 | D63: นายธีรภัทร์ ศิริวงศ์
B64: 3 | C64: 15359 | D64: นายพัชรพล อ่อนแย้ม
B65: 4 | C65: 15399 | D65: นายนพดล จันทร
B66: 5 | C66: 17239 | D66: นายฆนฑล หวานดี
B67: 6 | C67: 17240 | D67: นายณภัทร ชูพรรคพานิช
B68: 7 | C68: 17241 | D68: นายนพกร ทบศรี
B69: 8 | C69: 17242 | D69: นายนราวิชญ์ ศีละวงษ์เสรี
B70: 9 | C70: 17243 | D70: นายอนวัช แจ้งวงษ์
B71: 10 | C71: 17389 | D71: นายอดิศักดิ์ ชัยสีดา
B72: 11 | C72: 15050 | D72: นางสาวบุปผมาศ เผ่าเฮ็ง
B73: 12 | C73: 15151 | D73: นางสาวศจีพันธ์ ศรีประใหม
... B94: 33 | C94: 17394 | D94: นางสาวณภัทรศร จันเทวี
D95: ห้องที่2 รวม 33 คน ( ช. 10, ญ. 23)
B96: โรงเรียนเตรียมอุดมศึกษาพัฒนาการ ปทุมธานี
B98: รายชื่อนักเรียน ปีการศึกษา 2560 ภาคเรียนที่ 2 ชั้น ม.6 ห้องที่ 3
B99: แผนการเรียนวิทยาศาสตร์-คณิตศาสตร์ คณะพัฒนาไทย (สีเขียว)
C100: วิชา...............................................................
C102: ครูที่ปรึกษา : 1.นางสาวศิรินทร์ เพ็งน่วม, 2.นางสาวณัฐธิดา เยาวลักษณ์โยธิน
B105: เลขที่ | C105: เลขประจำตัว | D105: ชื่อ นามสกุล | M105: หมายเหตุ
B106: 1 | C106: 17251 | D106: นายจตุรภัทร เมืองแสน
B107: 2 | C107: 17253 | D107: นายทวีทรัพย์ เทียนสู
B108: 3 | C108: 17254 | D108: นายนันทวัฒน์ พิมพ์ดี
B109: 4 | C109: 17256 | D109: นายพีรพงศ์ เถาหมอ
B110: 5 | C110: 17257 | D110: นายวทัญญู อรชุนะกะ
B111: 6 | C111: 17258 | D111: นายอดิศักดิ์ อยู่สุข
B112: 7 | C112: 18004 | D112: นายจักรพรรดิ์ แสงศร
B113: 8 | C113: 18005 | D113: นายนันทวัฒน์ วรกา
B114: 9 | C114: 18006 | D114: นายพลากร แพงทิพย์
B115: 10 | C115: 18007 | D115: นายวีรเทพ สาสูงเนิน
B116: 11 | C116: 14996 | D116: นางสาวจามจุรี จันทร์นิยม
B117: 12 | C117: 15058 | D117: นางสาวสมิตา สายสนั่น
... B142: 37 | C142: 17275 | D142: นางสาวอารยา มากผล
D143: ห้องที่3 รวม 37 คน ( ช. 10, ญ. 27)
B145: โรงเรียนเตรียมอุดมศึกษาพัฒนาการ ปทุมธานี
B147: รายชื่อนักเรียน ปีการศึกษา 2560 ภาคเรียนที่ 2 ชั้น ม.6 ห้องที่ 4
B148: แผนการเรียนคณิตศาสตร์-ภาษาอังกฤษ คณะรักชาติ (สีแดง)
C149: วิชา...............................................................
C151: ครูที่ปรึกษา : 1.ว่าที่ร้อยตรีภูษิต แจ่มจำรัส, 2.นางปวีณา เบ็ญจวรรณ
B154: เลขที่ | C154: เลขประจำตัว | D154: ชื่อ นามสกุล | M154: หมายเหตุ
B155: 1 | C155: 14975 | D155: นายธนวินท์ พรมน้อย
B156: 2 | C156: 14977 | D156: นายปภากรณ์ ปานประภากร
B157: 3 | C157: 15016 | D157: นายกฤษฎา สีใส
B158: 4 | C158: 15032 | D158: นายวิชชาลย กลิ่นหอม
B159: 5 | C159: 15042 | D159: นายอริยะ ขำบางพูน
B160: 6 | C160: 15072 | D160: นายธนวัฒน์ บุกบุญ
B161: 7 | C161: 15159 | D161: นายกิจกวิณ บุญล้ำ
B162: 8 | C162: 15165 | D162: นายธนวัต ชื่นชมกลิ่น
B163: 9 | C163: 15262 | D163: นายวรากร วิเชียร
B164: 10 | C164: 15301 | D164: นายชีพชนก ยุติไธสง
B165: 11 | C165: 15307 | D165: นายนนทชัย คำใจ
B166: 12 | C166: 15314 | D166: นายวุฒินันท์ ดวงสุวรรณ
... B198: 44 | C198: 17281 | D198: นางสาวภัคพิชญ์ วิจิตรวัฒนนท์
D199: ห้องที่4 รวม 44 คน ( ช. 15, ญ. 29)
B201: โรงเรียนเตรียมอุดมศึกษาพัฒนาการ ปทุมธานี
B203: รายชื่อนักเรียน ปีการศึกษา 2560 ภาคเรียนที่ 2 ชั้น ม.6 ห้องที่ 5
B204: แผนการเรียนคณิตศาสตร์-ภาษาอังกฤษ คณะเทิดกษัตริย์ (สีฟ้า)
B205: วิชา ......................................................................................
C207: ครูที่ปรึกษา : 1.นางเจริญศรี ศรีแสนยง, 2.นางสาวชาลินี อิ่มพร
B210: เลขที่ | C210: เลขประจำตัว | D210: ชื่อ นามสกุล | M210: หมายเหตุ
B211: 1 | C211: 14968 | D211: นายกษิดิศ นิพิฐสกุล
B212: 2 | C212: 15125 | D212: นายภาณุวัฒน์ พิมพ์วิชัย
B213: 3 | C213: 15128 | D213: นายศิริภัทร กันนิกา
B214: 4 | C214: 15179 | D214: นายอธิวัฒน์ บุญสุนีย์
B215: 5 | C215: 15252 | D215: นายเกรียงไกร ม้าสุวรรณ
B216: 6 | C216: 15253 | D216: นายชลธี ชุดนอก
B217: 7 | C217: 15263 | D217: นายโสภณ เงินสว่าง
B218: 8 | C218: 15302 | D218: นายฐิติโชติ ศรีศุภรวัฒนา
B219: 9 | C219: 15305 | D219: นายธนกฤต ดุลแสง
B220: 10 | C220: 15349 | D220: นายกิตติศักดิ์ ม่วงเขียว
B221: 11 | C221: 15350 | D221: นายคณกร วรรณภิญโญ
B222: 12 | C222: 15403 | D222: นายพงศ์พิชิตชัย ป้อมสะแก
... B250: 40 | C250: 18014 | D250: นางสาวณัชชา กระต่ายจันทร์
D251: ห้องที่5 รวม 40 คน ( ช. 17, ญ. 23)
...

Sheet รูป
B1: รายชื่นักเรียนชั้นมัธยมศึกษาปีที่ 6 เรื่องรูป ติด ปพ. 1
B2: เลขที่ | C2: เลขประจำตัว | D2: ชื่อ นามสกุล | E2: ห้อง | G2: ค้างจ่ายค่ารูป | I2: ขาดรูป | M2: หมายเหตุ
B3: 10 | C3: 17232 | D3: นายจิรพัฒน์ แพลูกอินทร์ | E3: ม.6/1 | G3: P
B4: 11 | C4: 17234 | D4: นายสิริวัส สุขวงษ์โรจน์ | E4: ม.6/1 | G4: P
B5: 2 | C5: 15355 | D5: นายธีรภัทร์ ศิริวงศ์ | E5: ม.6/2 | G5: P
B6: 14 | C6: 15243 | D6: นางสาวพนมวรรณ นิสชัยสงฆ์ | E6: ม.6/2 | I6: P
B7: 5 | C7: 17257 | D7: นายวทัญญู อรชุนะกะ | E7: ม.6/3 | G7: P
B8: 6 | C8: 17258 | D8: นายอดิศักดิ์ อยู่สุข | E8: ม.6/3 | G8: P
B9: 14 | C9: 15289 | D9: นางสาววรรณนภา แก้วสุวรรณ์ | E9: ม.6/3 | G9: P
B10: 16 | C10: 15339 | D10: นางสาววาสิณี วรรณชัย | E10: ม.6/3 | I10: P
B11: 19 | C11: 15388 | D11: นางสาวศศิธร ขุนทอง | E11: ม.6/3 | G11: P
B12: 20 | C12: 15389 | D12: นางสาวสมฤทัย มาเหล่า | E12: ม.6/3 | G12: P
B13: 31 | C13: 17269 | D13: นางสาวนพรัตน์ บุณชู | E13: ม.6/3 | I13: P
B14: 33 | C14: 17271 | D14: นางสาวปณิตา ดวงสุดา | E14: ม.6/3 | G14: P | M14: ไม่เจอรูป(รอตรวจสอบ)
B15: 3 | C15: 15128 | D15: นายศิริภัทร กันนิกา | E15: ม.6/5 | G15: P
B16: 16 | C16: 16743 | D16: นายสหพล ปะสิ่งชอบ | E16: ม.6/5 | G16: P
B17: 39 | C17: 17297 | D17: นางสาววรรณวิสา เรืองฐณโรจน์ | E17: ม.6/5 | G17: P
B18: 3 | C18: 15111 | D18: นายจิตติ วิศวพาณิชย์ | E18: ม.6/6 | I18: P
B19: 5 | C19: 15256 | D19: นายณัฐวุฒิ สันต์เสริมสุข | E19: ม.6/6 | G19: P
